id,produkt,kategoria,cena,data,klient
10001,Butelka filtrująca,Dom,102.29,2024-11-14,cust_0106
10001,Plecak City,Moda,92.3,2024-11-14,cust_0106
10002,Smartfon X,Elektronika,4472.14,2024-12-07,cust_0131
10002,Długopis Gel,Papiernicze,48.81,2024-12-07,cust_0131
10002,Klawiatura MX,Akcesoria,402.86,2024-12-07,cust_0131
10003,Klawiatura MX,Akcesoria,279.3,2024-07-15,cust_0231
10003,Bluza Hoodie,Moda,51.49,2024-07-15,cust_0231
10004,Biurko Slim,Meble,648.75,2024-05-06,cust_0228
10004,Koszulka Basic,Moda,68.4,2024-05-06,cust_0228
10005,Butelka filtrująca,Dom,151.61,2024-06-26,cust_0015
10005,Mysz Light,Akcesoria,139.64,2024-06-26,cust_0015
10005,Plecak City,Moda,85.92,2024-06-26,cust_0015
10005,Długopis Gel,Papiernicze,11.57,2024-06-26,cust_0015
10005,Klawiatura MX,Akcesoria,166.64,2024-06-26,cust_0015
10006,Klawiatura MX,Akcesoria,375.48,2024-09-12,cust_0093
10006,Mysz Light,Akcesoria,383.04,2024-09-12,cust_0093
10006,Biurko Slim,Meble,1151.98,2024-09-12,cust_0093
10006,Koszulka Basic,Moda,91.22,2024-09-12,cust_0093
10006,Smartfon X,Elektronika,2493.81,2024-09-12,cust_0093
10007,Laptop Air 13,Elektronika,4276.11,2024-02-11,cust_0216
10007,Koszulka Basic,Moda,208.0,2024-02-11,cust_0216
10008,Koszulka Basic,Moda,132.34,2024-11-09,cust_0105
10009,Notes A5,Papiernicze,10.45,2024-05-06,cust_0149
10009,Fotel Ergonomic,Meble,755.43,2024-05-06,cust_0149
10009,Laptop Air 13,Elektronika,2701.86,2024-05-06,cust_0149
10009,Bluza Hoodie,Moda,79.18,2024-05-06,cust_0149
10010,Koszulka Basic,Moda,124.18,2024-05-08,cust_0235
10010,Długopis Gel,Papiernicze,7.77,2024-05-08,cust_0235
10010,Smartfon X,Elektronika,3701.13,2024-05-08,cust_0235
10010,Kubek termiczny,Dom,116.65,2024-05-08,cust_0235
10011,Notes A5,Papiernicze,15.09,2024-01-13,cust_0001
10011,Notes A5,Papiernicze,47.23,2024-01-13,cust_0001
10011,Kubek termiczny,Dom,41.45,2024-01-13,cust_0001
10011,Słuchawki Pro,Elektronika,5016.44,2024-01-13,cust_0001
10012,Kubek termiczny,Dom,112.88,2024-03-01,cust_0002
10012,Bluza Hoodie,Moda,192.3,2024-03-01,cust_0002
10012,Butelka filtrująca,Dom,168.76,2024-03-01,cust_0002
10012,Koszulka Basic,Moda,196.87,2024-03-01,cust_0002
10013,Butelka filtrująca,Dom,46.02,2024-02-23,cust_0055
10013,Koszulka Basic,Moda,162.68,2024-02-23,cust_0055
10014,Długopis Gel,Papiernicze,19.64,2024-01-29,cust_0021
10015,Laptop Air 13,Elektronika,1457.43,2024-06-15,cust_0153
10015,Słuchawki Pro,Elektronika,3415.39,2024-06-15,cust_0153
10015,Mysz Light,Akcesoria,373.19,2024-06-15,cust_0153
10015,Butelka filtrująca,Dom,77.95,2024-06-15,cust_0153
10015,Słuchawki Pro,Elektronika,3323.32,2024-06-15,cust_0153
10016,Koszulka Basic,Moda,178.69,2024-02-18,cust_0053
10017,Plecak City,Moda,70.18,2024-01-09,cust_0158
10018,Kubek termiczny,Dom,149.24,2024-12-06,cust_0226
10018,Bluza Hoodie,Moda,148.95,2024-12-06,cust_0226
10018,Długopis Gel,Papiernicze,43.93,2024-12-06,cust_0226
10018,Biurko Slim,Meble,1291.27,2024-12-06,cust_0226
10019,Słuchawki Pro,Elektronika,2597.32,2024-11-23,cust_0125
10019,Klawiatura MX,Akcesoria,421.3,2024-11-23,cust_0125
10019,Mysz Light,Akcesoria,416.62,2024-11-23,cust_0125
10019,Biurko Slim,Meble,594.64,2024-11-23,cust_0125
10019,Bluza Hoodie,Moda,193.77,2024-11-23,cust_0125
10020,Kubek termiczny,Dom,164.22,2024-11-06,cust_0216
10020,Długopis Gel,Papiernicze,21.91,2024-11-06,cust_0216
10020,Biurko Slim,Meble,1002.77,2024-11-06,cust_0216
10020,Bluza Hoodie,Moda,92.38,2024-11-06,cust_0216
10021,Koszulka Basic,Moda,237.15,2024-12-23,cust_0083
10021,Laptop Air 13,Elektronika,1762.67,2024-12-23,cust_0083
10021,Plecak City,Moda,76.87,2024-12-23,cust_0083
10021,Koszulka Basic,Moda,170.0,2024-12-23,cust_0083
10021,Słuchawki Pro,Elektronika,4568.89,2024-12-23,cust_0083
10022,Kubek termiczny,Dom,72.09,2024-07-22,cust_0129
10022,Plecak City,Moda,153.6,2024-07-22,cust_0129
10022,Koszulka Basic,Moda,188.17,2024-07-22,cust_0129
10022,Słuchawki Pro,Elektronika,844.24,2024-07-22,cust_0129
10023,Koszulka Basic,Moda,162.36,2024-05-23,cust_0039
10023,Kubek termiczny,Dom,163.23,2024-05-23,cust_0039
10023,Długopis Gel,Papiernicze,26.36,2024-05-23,cust_0039
10024,Bluza Hoodie,Moda,40.12,2024-10-02,cust_0133
10024,Mysz Light,Akcesoria,210.29,2024-10-02,cust_0133
10025,Słuchawki Pro,Elektronika,1752.24,2024-11-07,cust_0158
10025,Koszulka Basic,Moda,171.88,2024-11-07,cust_0158
10025,Koszulka Basic,Moda,161.08,2024-11-07,cust_0158
10025,Plecak City,Moda,181.58,2024-11-07,cust_0158
10026,Koszulka Basic,Moda,166.39,2024-09-08,cust_0171
10027,Mysz Light,Akcesoria,300.24,2024-10-08,cust_0158
10027,Plecak City,Moda,112.94,2024-10-08,cust_0158
10028,Smartfon X,Elektronika,812.99,2024-12-18,cust_0183
10029,Długopis Gel,Papiernicze,39.91,2024-04-25,cust_0072
10029,Biurko Slim,Meble,1336.26,2024-04-25,cust_0072
10029,Długopis Gel,Papiernicze,7.73,2024-04-25,cust_0072
10029,Bluza Hoodie,Moda,189.92,2024-04-25,cust_0072
10029,Notes A5,Papiernicze,40.22,2024-04-25,cust_0072
10030,Biurko Slim,Meble,518.73,2024-06-29,cust_0022
10031,Plecak City,Moda,93.49,2024-05-13,cust_0203
10032,Butelka filtrująca,Dom,157.55,2024-08-28,cust_0127
10032,Klawiatura MX,Akcesoria,136.53,2024-08-28,cust_0127
10033,Fotel Ergonomic,Meble,276.46,2024-08-30,cust_0076
10033,Klawiatura MX,Akcesoria,444.26,2024-08-30,cust_0076
10033,Bluza Hoodie,Moda,97.34,2024-08-30,cust_0076
10033,Smartfon X,Elektronika,4223.28,2024-08-30,cust_0076
10033,Mysz Light,Akcesoria,170.79,2024-08-30,cust_0076
10034,Notes A5,Papiernicze,7.75,2024-02-28,cust_0022
10034,Słuchawki Pro,Elektronika,1782.22,2024-02-28,cust_0022
10034,Koszulka Basic,Moda,47.61,2024-02-28,cust_0022
10034,Fotel Ergonomic,Meble,900.61,2024-02-28,cust_0022
10034,Biurko Slim,Meble,648.59,2024-02-28,cust_0022
10035,Notes A5,Papiernicze,23.18,2024-08-26,cust_0185
10035,Smartfon X,Elektronika,2167.56,2024-08-26,cust_0185
10035,Fotel Ergonomic,Meble,1358.58,2024-08-26,cust_0185
10035,Koszulka Basic,Moda,139.5,2024-08-26,cust_0185
10036,Bluza Hoodie,Moda,50.62,2024-05-30,cust_0161
10036,Fotel Ergonomic,Meble,1411.76,2024-05-30,cust_0161
10037,Fotel Ergonomic,Meble,831.55,2024-05-13,cust_0098
10037,Butelka filtrująca,Dom,150.6,2024-05-13,cust_0098
10037,Mysz Light,Akcesoria,80.95,2024-05-13,cust_0098
10037,Fotel Ergonomic,Meble,475.83,2024-05-13,cust_0098
10038,Butelka filtrująca,Dom,120.7,2024-01-23,cust_0029
10039,Klawiatura MX,Akcesoria,218.67,2024-11-13,cust_0012
10039,Butelka filtrująca,Dom,111.4,2024-11-13,cust_0012
10040,Biurko Slim,Meble,998.87,2024-06-14,cust_0133
10041,Długopis Gel,Papiernicze,28.6,2024-04-19,cust_0114
10041,Smartfon X,Elektronika,3282.68,2024-04-19,cust_0114
10042,Mysz Light,Akcesoria,415.84,2024-05-30,cust_0100
10043,Fotel Ergonomic,Meble,371.42,2024-12-06,cust_0021
10043,Butelka filtrująca,Dom,173.12,2024-12-06,cust_0021
10043,Kubek termiczny,Dom,35.67,2024-12-06,cust_0021
10044,Fotel Ergonomic,Meble,607.52,2024-06-19,cust_0039
10044,Notes A5,Papiernicze,24.18,2024-06-19,cust_0039
10044,Laptop Air 13,Elektronika,2859.67,2024-06-19,cust_0039
10045,Bluza Hoodie,Moda,249.9,2024-10-25,cust_0035
10045,Laptop Air 13,Elektronika,2667.26,2024-10-25,cust_0035
10046,Laptop Air 13,Elektronika,3539.84,2024-02-14,cust_0041
10046,Fotel Ergonomic,Meble,846.11,2024-02-14,cust_0041
10047,Mysz Light,Akcesoria,70.43,2024-01-09,cust_0069
10047,Smartfon X,Elektronika,1243.04,2024-01-09,cust_0069
10047,Długopis Gel,Papiernicze,6.47,2024-01-09,cust_0069
10047,Biurko Slim,Meble,568.55,2024-01-09,cust_0069
10048,Biurko Slim,Meble,436.78,2024-07-19,cust_0195
10048,Koszulka Basic,Moda,105.09,2024-07-19,cust_0195
10049,Kubek termiczny,Dom,101.99,2024-04-22,cust_0119
10049,Mysz Light,Akcesoria,88.84,2024-04-22,cust_0119
10049,Bluza Hoodie,Moda,103.17,2024-04-22,cust_0119
10050,Notes A5,Papiernicze,23.43,2024-04-06,cust_0034
10050,Plecak City,Moda,43.01,2024-04-06,cust_0034
10050,Butelka filtrująca,Dom,139.96,2024-04-06,cust_0034
10050,Klawiatura MX,Akcesoria,395.89,2024-04-06,cust_0034
10051,Plecak City,Moda,65.18,2024-10-09,cust_0125
10051,Butelka filtrująca,Dom,97.72,2024-10-09,cust_0125
10052,Biurko Slim,Meble,864.74,2024-04-07,cust_0211
10053,Klawiatura MX,Akcesoria,327.1,2024-09-17,cust_0098
10054,Klawiatura MX,Akcesoria,85.2,2024-02-25,cust_0130
10055,Butelka filtrująca,Dom,39.55,2024-05-08,cust_0191
10055,Klawiatura MX,Akcesoria,436.48,2024-05-08,cust_0191
10055,Słuchawki Pro,Elektronika,2270.25,2024-05-08,cust_0191
10055,Mysz Light,Akcesoria,270.71,2024-05-08,cust_0191
10056,Klawiatura MX,Akcesoria,332.06,2024-12-12,cust_0028
10056,Kubek termiczny,Dom,77.15,2024-12-12,cust_0028
10056,Koszulka Basic,Moda,183.5,2024-12-12,cust_0028
10056,Biurko Slim,Meble,976.09,2024-12-12,cust_0028
10056,Fotel Ergonomic,Meble,831.85,2024-12-12,cust_0028
10057,Notes A5,Papiernicze,37.18,2024-06-28,cust_0162
10057,Kubek termiczny,Dom,114.5,2024-06-28,cust_0162
10057,Koszulka Basic,Moda,157.56,2024-06-28,cust_0162
10057,Fotel Ergonomic,Meble,281.3,2024-06-28,cust_0162
10058,Plecak City,Moda,143.42,2024-10-13,cust_0104
10058,Słuchawki Pro,Elektronika,3148.67,2024-10-13,cust_0104
10059,Koszulka Basic,Moda,229.95,2024-03-23,cust_0211
10060,Fotel Ergonomic,Meble,476.43,2024-06-23,cust_0133
10061,Mysz Light,Akcesoria,55.21,2024-11-25,cust_0171
10061,Bluza Hoodie,Moda,105.34,2024-11-25,cust_0171
10061,Koszulka Basic,Moda,71.98,2024-11-25,cust_0171
10061,Mysz Light,Akcesoria,337.51,2024-11-25,cust_0171
10062,Długopis Gel,Papiernicze,27.6,2024-11-26,cust_0002
10062,Butelka filtrująca,Dom,57.57,2024-11-26,cust_0002
10062,Plecak City,Moda,83.3,2024-11-26,cust_0002
10063,Fotel Ergonomic,Meble,911.0,2024-04-22,cust_0088
10063,Długopis Gel,Papiernicze,8.14,2024-04-22,cust_0088
10063,Koszulka Basic,Moda,211.71,2024-04-22,cust_0088
10063,Laptop Air 13,Elektronika,4406.11,2024-04-22,cust_0088
10064,Butelka filtrująca,Dom,127.9,2024-05-10,cust_0012
10064,Fotel Ergonomic,Meble,1108.42,2024-05-10,cust_0012
10064,Fotel Ergonomic,Meble,1355.72,2024-05-10,cust_0012
10065,Bluza Hoodie,Moda,175.0,2024-02-02,cust_0054
10065,Laptop Air 13,Elektronika,2850.1,2024-02-02,cust_0054
10065,Butelka filtrująca,Dom,130.22,2024-02-02,cust_0054
10065,Plecak City,Moda,79.58,2024-02-02,cust_0054
10066,Kubek termiczny,Dom,85.47,2024-09-26,cust_0096
10066,Długopis Gel,Papiernicze,48.55,2024-09-26,cust_0096
10067,Smartfon X,Elektronika,1258.92,2024-06-23,cust_0050
10068,Słuchawki Pro,Elektronika,3178.23,2024-10-26,cust_0100
10068,Koszulka Basic,Moda,150.04,2024-10-26,cust_0100
10068,Butelka filtrująca,Dom,173.62,2024-10-26,cust_0100
10068,Bluza Hoodie,Moda,240.23,2024-10-26,cust_0100
10069,Plecak City,Moda,203.55,2024-04-12,cust_0196
10069,Laptop Air 13,Elektronika,4770.74,2024-04-12,cust_0196
10070,Notes A5,Papiernicze,20.04,2024-12-30,cust_0162
10070,Notes A5,Papiernicze,22.44,2024-12-30,cust_0162
10070,Smartfon X,Elektronika,1852.26,2024-12-30,cust_0162
10070,Koszulka Basic,Moda,197.58,2024-12-30,cust_0162
10070,Słuchawki Pro,Elektronika,4642.99,2024-12-30,cust_0162
10071,Kubek termiczny,Dom,108.46,2024-08-03,cust_0092
10071,Butelka filtrująca,Dom,124.47,2024-08-03,cust_0092
10071,Bluza Hoodie,Moda,222.2,2024-08-03,cust_0092
10071,Notes A5,Papiernicze,43.14,2024-08-03,cust_0092
10071,Bluza Hoodie,Moda,129.79,2024-08-03,cust_0092
10072,Słuchawki Pro,Elektronika,2021.81,2024-04-29,cust_0212
10072,Butelka filtrująca,Dom,118.15,2024-04-29,cust_0212
10072,Koszulka Basic,Moda,107.27,2024-04-29,cust_0212
10073,Długopis Gel,Papiernicze,42.16,2024-12-26,cust_0178
10073,Biurko Slim,Meble,647.48,2024-12-26,cust_0178
10073,Biurko Slim,Meble,1046.98,2024-12-26,cust_0178
10073,Słuchawki Pro,Elektronika,4261.47,2024-12-26,cust_0178
10074,Długopis Gel,Papiernicze,14.15,2024-06-16,cust_0210
10074,Laptop Air 13,Elektronika,2211.52,2024-06-16,cust_0210
10075,Słuchawki Pro,Elektronika,2479.51,2024-05-12,cust_0022
10075,Długopis Gel,Papiernicze,38.12,2024-05-12,cust_0022
10076,Koszulka Basic,Moda,136.95,2024-11-13,cust_0217
10076,Butelka filtrująca,Dom,128.97,2024-11-13,cust_0217
10076,Butelka filtrująca,Dom,48.28,2024-11-13,cust_0217
10077,Kubek termiczny,Dom,135.6,2024-05-23,cust_0056
10077,Kubek termiczny,Dom,157.44,2024-05-23,cust_0056
10078,Koszulka Basic,Moda,72.79,2024-01-08,cust_0029
10078,Mysz Light,Akcesoria,343.75,2024-01-08,cust_0029
10078,Plecak City,Moda,255.22,2024-01-08,cust_0029
10079,Smartfon X,Elektronika,2925.33,2024-12-04,cust_0197
10079,Plecak City,Moda,179.72,2024-12-04,cust_0197
10079,Laptop Air 13,Elektronika,1077.67,2024-12-04,cust_0197
10080,Plecak City,Moda,118.32,2024-04-15,cust_0148
10080,Fotel Ergonomic,Meble,1159.42,2024-04-15,cust_0148
10081,Butelka filtrująca,Dom,101.87,2024-10-29,cust_0006
10081,Klawiatura MX,Akcesoria,330.14,2024-10-29,cust_0006
10082,Koszulka Basic,Moda,169.51,2024-12-04,cust_0043
10082,Butelka filtrująca,Dom,120.35,2024-12-04,cust_0043
10082,Słuchawki Pro,Elektronika,1517.16,2024-12-04,cust_0043
10082,Biurko Slim,Meble,732.96,2024-12-04,cust_0043
10082,Długopis Gel,Papiernicze,8.23,2024-12-04,cust_0043
10083,Notes A5,Papiernicze,31.92,2024-09-12,cust_0227
10083,Laptop Air 13,Elektronika,1441.49,2024-09-12,cust_0227
10083,Butelka filtrująca,Dom,143.08,2024-09-12,cust_0227
10084,Notes A5,Papiernicze,6.58,2024-10-08,cust_0213
10084,Mysz Light,Akcesoria,50.12,2024-10-08,cust_0213
10084,Butelka filtrująca,Dom,136.46,2024-10-08,cust_0213
10085,Kubek termiczny,Dom,79.03,2024-02-09,cust_0176
10085,Mysz Light,Akcesoria,267.85,2024-02-09,cust_0176
10085,Laptop Air 13,Elektronika,2396.93,2024-02-09,cust_0176
10086,Kubek termiczny,Dom,78.0,2024-11-13,cust_0123
10086,Długopis Gel,Papiernicze,46.18,2024-11-13,cust_0123
10086,Biurko Slim,Meble,1383.66,2024-11-13,cust_0123
10087,Koszulka Basic,Moda,91.58,2024-12-31,cust_0084
10087,Długopis Gel,Papiernicze,44.72,2024-12-31,cust_0084
10087,Kubek termiczny,Dom,159.73,2024-12-31,cust_0084
10087,Smartfon X,Elektronika,2938.0,2024-12-31,cust_0084
10088,Plecak City,Moda,85.94,2024-03-23,cust_0189
10088,Długopis Gel,Papiernicze,25.34,2024-03-23,cust_0189
10088,Klawiatura MX,Akcesoria,159.12,2024-03-23,cust_0189
10088,Butelka filtrująca,Dom,197.93,2024-03-23,cust_0189
10088,Kubek termiczny,Dom,136.75,2024-03-23,cust_0189
10089,Plecak City,Moda,156.98,2024-09-06,cust_0096
10089,Mysz Light,Akcesoria,152.02,2024-09-06,cust_0096
10089,Koszulka Basic,Moda,101.83,2024-09-06,cust_0096
10089,Notes A5,Papiernicze,40.52,2024-09-06,cust_0096
10089,Długopis Gel,Papiernicze,23.41,2024-09-06,cust_0096
10090,Koszulka Basic,Moda,57.26,2024-07-23,cust_0155
10090,Długopis Gel,Papiernicze,23.47,2024-07-23,cust_0155
10090,Kubek termiczny,Dom,169.77,2024-07-23,cust_0155
10090,Bluza Hoodie,Moda,104.98,2024-07-23,cust_0155
10090,Klawiatura MX,Akcesoria,322.43,2024-07-23,cust_0155
10091,Butelka filtrująca,Dom,50.93,2024-08-02,cust_0067
10091,Klawiatura MX,Akcesoria,357.01,2024-08-02,cust_0067
10091,Biurko Slim,Meble,711.47,2024-08-02,cust_0067
10091,Notes A5,Papiernicze,6.21,2024-08-02,cust_0067
10092,Smartfon X,Elektronika,2794.84,2024-07-05,cust_0199
10092,Koszulka Basic,Moda,59.53,2024-07-05,cust_0199
10092,Bluza Hoodie,Moda,161.29,2024-07-05,cust_0199
10093,Laptop Air 13,Elektronika,3570.4,2024-12-03,cust_0051
10093,Klawiatura MX,Akcesoria,302.54,2024-12-03,cust_0051
10093,Słuchawki Pro,Elektronika,3276.49,2024-12-03,cust_0051
10093,Smartfon X,Elektronika,3030.02,2024-12-03,cust_0051
10093,Plecak City,Moda,167.41,2024-12-03,cust_0051
10094,Fotel Ergonomic,Meble,1154.7,2024-11-08,cust_0133
10094,Koszulka Basic,Moda,163.49,2024-11-08,cust_0133
10095,Notes A5,Papiernicze,7.6,2024-08-05,cust_0060
10095,Słuchawki Pro,Elektronika,4410.5,2024-08-05,cust_0060
10096,Słuchawki Pro,Elektronika,3785.84,2024-08-24,cust_0062
10096,Laptop Air 13,Elektronika,4367.42,2024-08-24,cust_0062
10096,Notes A5,Papiernicze,27.07,2024-08-24,cust_0062
10096,Notes A5,Papiernicze,14.59,2024-08-24,cust_0062
10097,Klawiatura MX,Akcesoria,72.35,2024-06-06,cust_0030
10097,Smartfon X,Elektronika,2189.84,2024-06-06,cust_0030
10097,Fotel Ergonomic,Meble,699.67,2024-06-06,cust_0030
10097,Koszulka Basic,Moda,47.09,2024-06-06,cust_0030
10098,Koszulka Basic,Moda,132.13,2024-08-18,cust_0135
10098,Słuchawki Pro,Elektronika,1800.91,2024-08-18,cust_0135
10098,Słuchawki Pro,Elektronika,3717.63,2024-08-18,cust_0135
10098,Mysz Light,Akcesoria,65.65,2024-08-18,cust_0135
10098,Butelka filtrująca,Dom,153.21,2024-08-18,cust_0135
10099,Biurko Slim,Meble,1152.32,2024-07-21,cust_0083
10099,Słuchawki Pro,Elektronika,2641.16,2024-07-21,cust_0083
10100,Plecak City,Moda,234.12,2024-08-18,cust_0089
10100,Smartfon X,Elektronika,2258.07,2024-08-18,cust_0089
10100,Słuchawki Pro,Elektronika,3682.63,2024-08-18,cust_0089
10100,Plecak City,Moda,102.16,2024-08-18,cust_0089
10100,Butelka filtrująca,Dom,53.31,2024-08-18,cust_0089
10101,Kubek termiczny,Dom,166.29,2024-07-22,cust_0079
10101,Bluza Hoodie,Moda,47.11,2024-07-22,cust_0079
10102,Klawiatura MX,Akcesoria,82.73,2024-04-28,cust_0116
10102,Fotel Ergonomic,Meble,1441.44,2024-04-28,cust_0116
10103,Biurko Slim,Meble,318.09,2024-07-05,cust_0047
10103,Klawiatura MX,Akcesoria,75.27,2024-07-05,cust_0047
10103,Smartfon X,Elektronika,1446.94,2024-07-05,cust_0047
10103,Mysz Light,Akcesoria,106.0,2024-07-05,cust_0047
10104,Biurko Slim,Meble,684.46,2024-12-04,cust_0194
10104,Długopis Gel,Papiernicze,14.84,2024-12-04,cust_0194
10104,Fotel Ergonomic,Meble,1349.26,2024-12-04,cust_0194
10105,Słuchawki Pro,Elektronika,2894.59,2024-12-06,cust_0014
10106,Smartfon X,Elektronika,3584.06,2024-12-04,cust_0085
10106,Laptop Air 13,Elektronika,1863.4,2024-12-04,cust_0085
10107,Butelka filtrująca,Dom,91.59,2024-03-12,cust_0073
10107,Plecak City,Moda,152.81,2024-03-12,cust_0073
10108,Bluza Hoodie,Moda,125.56,2024-11-30,cust_0036
10108,Plecak City,Moda,74.27,2024-11-30,cust_0036
10108,Bluza Hoodie,Moda,137.95,2024-11-30,cust_0036
10109,Koszulka Basic,Moda,201.0,2024-03-03,cust_0030
10109,Biurko Slim,Meble,848.87,2024-03-03,cust_0030
10109,Plecak City,Moda,46.4,2024-03-03,cust_0030
10109,Klawiatura MX,Akcesoria,371.59,2024-03-03,cust_0030
10110,Klawiatura MX,Akcesoria,279.77,2024-12-12,cust_0113
10110,Kubek termiczny,Dom,112.3,2024-12-12,cust_0113
10111,Fotel Ergonomic,Meble,492.37,2024-05-28,cust_0092
10111,Smartfon X,Elektronika,2984.64,2024-05-28,cust_0092
10111,Plecak City,Moda,226.52,2024-05-28,cust_0092
10111,Bluza Hoodie,Moda,195.6,2024-05-28,cust_0092
10111,Klawiatura MX,Akcesoria,391.85,2024-05-28,cust_0092
10112,Klawiatura MX,Akcesoria,389.39,2024-01-24,cust_0177
10112,Klawiatura MX,Akcesoria,336.2,2024-01-24,cust_0177
10112,Fotel Ergonomic,Meble,746.75,2024-01-24,cust_0177
10112,Mysz Light,Akcesoria,215.72,2024-01-24,cust_0177
10113,Butelka filtrująca,Dom,67.43,2024-10-05,cust_0150
10113,Klawiatura MX,Akcesoria,239.9,2024-10-05,cust_0150
10113,Klawiatura MX,Akcesoria,420.34,2024-10-05,cust_0150
10113,Plecak City,Moda,65.32,2024-10-05,cust_0150
10113,Fotel Ergonomic,Meble,1180.35,2024-10-05,cust_0150
10114,Długopis Gel,Papiernicze,19.45,2024-06-25,cust_0120
10114,Smartfon X,Elektronika,2055.74,2024-06-25,cust_0120
10115,Biurko Slim,Meble,1490.64,2024-11-29,cust_0090
10115,Fotel Ergonomic,Meble,674.28,2024-11-29,cust_0090
10115,Słuchawki Pro,Elektronika,1942.61,2024-11-29,cust_0090
10116,Mysz Light,Akcesoria,249.32,2024-01-30,cust_0027
10116,Biurko Slim,Meble,1118.03,2024-01-30,cust_0027
10117,Kubek termiczny,Dom,37.19,2024-07-12,cust_0138
10117,Biurko Slim,Meble,1342.7,2024-07-12,cust_0138
10117,Klawiatura MX,Akcesoria,192.11,2024-07-12,cust_0138
10117,Biurko Slim,Meble,751.51,2024-07-12,cust_0138
10118,Plecak City,Moda,157.73,2024-06-03,cust_0231
10118,Słuchawki Pro,Elektronika,3733.64,2024-06-03,cust_0231
10118,Słuchawki Pro,Elektronika,4370.9,2024-06-03,cust_0231
10118,Notes A5,Papiernicze,27.33,2024-06-03,cust_0231
10118,Butelka filtrująca,Dom,101.17,2024-06-03,cust_0231
10119,Biurko Slim,Meble,1399.59,2024-06-10,cust_0163
10119,Smartfon X,Elektronika,2639.74,2024-06-10,cust_0163
10120,Smartfon X,Elektronika,1977.64,2024-09-05,cust_0031
10120,Biurko Slim,Meble,393.66,2024-09-05,cust_0031
10120,Butelka filtrująca,Dom,59.31,2024-09-05,cust_0031
10121,Notes A5,Papiernicze,8.92,2024-10-11,cust_0205
10121,Smartfon X,Elektronika,1611.14,2024-10-11,cust_0205
10121,Słuchawki Pro,Elektronika,924.35,2024-10-11,cust_0205
10121,Długopis Gel,Papiernicze,10.13,2024-10-11,cust_0205
10121,Laptop Air 13,Elektronika,2142.35,2024-10-11,cust_0205
10122,Plecak City,Moda,157.5,2024-07-19,cust_0184
10122,Plecak City,Moda,65.65,2024-07-19,cust_0184
10122,Plecak City,Moda,187.42,2024-07-19,cust_0184
10122,Słuchawki Pro,Elektronika,1537.39,2024-07-19,cust_0184
10123,Bluza Hoodie,Moda,206.11,2024-06-25,cust_0144
10123,Długopis Gel,Papiernicze,28.5,2024-06-25,cust_0144
10124,Kubek termiczny,Dom,121.15,2024-07-11,cust_0202
10124,Plecak City,Moda,44.35,2024-07-11,cust_0202
10124,Laptop Air 13,Elektronika,3987.0,2024-07-11,cust_0202
10124,Kubek termiczny,Dom,48.72,2024-07-11,cust_0202
10124,Koszulka Basic,Moda,207.97,2024-07-11,cust_0202
10125,Kubek termiczny,Dom,69.33,2024-10-22,cust_0137
10125,Słuchawki Pro,Elektronika,4250.38,2024-10-22,cust_0137
10126,Słuchawki Pro,Elektronika,981.24,2024-07-08,cust_0086
10126,Smartfon X,Elektronika,954.13,2024-07-08,cust_0086
10126,Smartfon X,Elektronika,833.25,2024-07-08,cust_0086
10126,Fotel Ergonomic,Meble,900.51,2024-07-08,cust_0086
10127,Bluza Hoodie,Moda,192.77,2024-08-26,cust_0100
10127,Koszulka Basic,Moda,175.43,2024-08-26,cust_0100
10127,Fotel Ergonomic,Meble,1387.0,2024-08-26,cust_0100
10127,Notes A5,Papiernicze,30.15,2024-08-26,cust_0100
10128,Słuchawki Pro,Elektronika,3345.6,2024-01-29,cust_0070
10128,Fotel Ergonomic,Meble,580.47,2024-01-29,cust_0070
10128,Słuchawki Pro,Elektronika,3569.38,2024-01-29,cust_0070
10128,Mysz Light,Akcesoria,67.16,2024-01-29,cust_0070
10129,Fotel Ergonomic,Meble,651.2,2024-05-06,cust_0193
10130,Bluza Hoodie,Moda,59.09,2024-03-18,cust_0148
10130,Laptop Air 13,Elektronika,1061.07,2024-03-18,cust_0148
10131,Słuchawki Pro,Elektronika,1922.73,2024-12-15,cust_0085
10131,Koszulka Basic,Moda,168.53,2024-12-15,cust_0085
10131,Butelka filtrująca,Dom,131.91,2024-12-15,cust_0085
10132,Notes A5,Papiernicze,18.48,2024-08-26,cust_0243
10132,Mysz Light,Akcesoria,241.98,2024-08-26,cust_0243
10132,Kubek termiczny,Dom,67.57,2024-08-26,cust_0243
10132,Koszulka Basic,Moda,158.3,2024-08-26,cust_0243
10133,Długopis Gel,Papiernicze,23.7,2024-02-28,cust_0038
10133,Słuchawki Pro,Elektronika,4112.14,2024-02-28,cust_0038
10133,Fotel Ergonomic,Meble,410.4,2024-02-28,cust_0038
10133,Bluza Hoodie,Moda,168.72,2024-02-28,cust_0038
10134,Smartfon X,Elektronika,1174.75,2024-03-27,cust_0069
10134,Mysz Light,Akcesoria,404.76,2024-03-27,cust_0069
10135,Plecak City,Moda,160.97,2024-03-18,cust_0144
10135,Słuchawki Pro,Elektronika,2884.33,2024-03-18,cust_0144
10135,Butelka filtrująca,Dom,164.09,2024-03-18,cust_0144
10136,Mysz Light,Akcesoria,182.31,2024-05-11,cust_0111
10136,Mysz Light,Akcesoria,241.74,2024-05-11,cust_0111
10136,Mysz Light,Akcesoria,262.02,2024-05-11,cust_0111
10137,Bluza Hoodie,Moda,114.06,2024-12-13,cust_0106
10138,Bluza Hoodie,Moda,159.77,2024-12-06,cust_0174
10138,Fotel Ergonomic,Meble,1427.55,2024-12-06,cust_0174
10138,Biurko Slim,Meble,440.26,2024-12-06,cust_0174
10138,Koszulka Basic,Moda,89.37,2024-12-06,cust_0174
10139,Słuchawki Pro,Elektronika,4048.77,2024-03-20,cust_0071
10139,Bluza Hoodie,Moda,109.35,2024-03-20,cust_0071
10139,Słuchawki Pro,Elektronika,3624.63,2024-03-20,cust_0071
10139,Plecak City,Moda,160.4,2024-03-20,cust_0071
10140,Fotel Ergonomic,Meble,930.24,2024-05-31,cust_0051
10140,Długopis Gel,Papiernicze,45.7,2024-05-31,cust_0051
10140,Koszulka Basic,Moda,197.79,2024-05-31,cust_0051
10140,Laptop Air 13,Elektronika,2794.4,2024-05-31,cust_0051
10140,Mysz Light,Akcesoria,250.21,2024-05-31,cust_0051
10141,Plecak City,Moda,179.92,2024-07-19,cust_0047
10141,Mysz Light,Akcesoria,206.53,2024-07-19,cust_0047
10141,Bluza Hoodie,Moda,183.14,2024-07-19,cust_0047
10141,Notes A5,Papiernicze,18.94,2024-07-19,cust_0047
10141,Słuchawki Pro,Elektronika,2855.86,2024-07-19,cust_0047
10142,Plecak City,Moda,82.42,2024-05-13,cust_0020
10142,Długopis Gel,Papiernicze,25.72,2024-05-13,cust_0020
10142,Koszulka Basic,Moda,117.26,2024-05-13,cust_0020
10143,Długopis Gel,Papiernicze,20.15,2024-08-07,cust_0200
10143,Koszulka Basic,Moda,118.65,2024-08-07,cust_0200
10143,Bluza Hoodie,Moda,71.42,2024-08-07,cust_0200
10143,Plecak City,Moda,123.66,2024-08-07,cust_0200
10143,Biurko Slim,Meble,1345.74,2024-08-07,cust_0200
10144,Butelka filtrująca,Dom,59.18,2024-01-23,cust_0212
10145,Koszulka Basic,Moda,92.43,2024-07-13,cust_0139
10145,Długopis Gel,Papiernicze,25.98,2024-07-13,cust_0139
10146,Długopis Gel,Papiernicze,16.25,2024-08-24,cust_0101
10146,Klawiatura MX,Akcesoria,330.83,2024-08-24,cust_0101
10147,Notes A5,Papiernicze,16.25,2024-06-27,cust_0203
10147,Fotel Ergonomic,Meble,444.33,2024-06-27,cust_0203
10147,Mysz Light,Akcesoria,363.7,2024-06-27,cust_0203
10147,Butelka filtrująca,Dom,186.47,2024-06-27,cust_0203
10147,Notes A5,Papiernicze,36.73,2024-06-27,cust_0203
10148,Klawiatura MX,Akcesoria,177.48,2024-07-20,cust_0031
10148,Plecak City,Moda,114.54,2024-07-20,cust_0031
10148,Kubek termiczny,Dom,147.6,2024-07-20,cust_0031
10148,Plecak City,Moda,159.02,2024-07-20,cust_0031
10148,Laptop Air 13,Elektronika,1977.29,2024-07-20,cust_0031
10149,Bluza Hoodie,Moda,130.84,2024-10-30,cust_0050
10149,Plecak City,Moda,195.62,2024-10-30,cust_0050
10150,Długopis Gel,Papiernicze,5.77,2024-04-06,cust_0061
10150,Kubek termiczny,Dom,72.51,2024-04-06,cust_0061
10150,Mysz Light,Akcesoria,89.09,2024-04-06,cust_0061
10150,Koszulka Basic,Moda,190.42,2024-04-06,cust_0061
10151,Notes A5,Papiernicze,12.28,2024-05-04,cust_0064
10151,Butelka filtrująca,Dom,165.28,2024-05-04,cust_0064
10151,Bluza Hoodie,Moda,115.65,2024-05-04,cust_0064
10151,Mysz Light,Akcesoria,105.01,2024-05-04,cust_0064
10152,Plecak City,Moda,134.33,2024-12-30,cust_0144
10152,Klawiatura MX,Akcesoria,492.44,2024-12-30,cust_0144
10152,Mysz Light,Akcesoria,376.28,2024-12-30,cust_0144
10153,Mysz Light,Akcesoria,407.23,2024-04-22,cust_0074
10153,Plecak City,Moda,36.93,2024-04-22,cust_0074
10154,Koszulka Basic,Moda,158.81,2024-12-31,cust_0070
10154,Butelka filtrująca,Dom,140.44,2024-12-31,cust_0070
10154,Długopis Gel,Papiernicze,17.28,2024-12-31,cust_0070
10154,Notes A5,Papiernicze,24.18,2024-12-31,cust_0070
10154,Plecak City,Moda,99.33,2024-12-31,cust_0070
10155,Długopis Gel,Papiernicze,10.67,2024-07-13,cust_0144
10155,Kubek termiczny,Dom,157.1,2024-07-13,cust_0144
10156,Kubek termiczny,Dom,134.27,2024-11-25,cust_0179
10156,Notes A5,Papiernicze,46.37,2024-11-25,cust_0179
10156,Butelka filtrująca,Dom,103.54,2024-11-25,cust_0179
10156,Słuchawki Pro,Elektronika,4016.9,2024-11-25,cust_0179
10156,Długopis Gel,Papiernicze,20.49,2024-11-25,cust_0179
10157,Plecak City,Moda,68.2,2024-09-16,cust_0014
10157,Bluza Hoodie,Moda,78.19,2024-09-16,cust_0014
10157,Mysz Light,Akcesoria,347.8,2024-09-16,cust_0014
10158,Klawiatura MX,Akcesoria,355.71,2024-03-16,cust_0022
10158,Notes A5,Papiernicze,45.02,2024-03-16,cust_0022
10159,Mysz Light,Akcesoria,148.87,2024-10-26,cust_0050
10159,Laptop Air 13,Elektronika,2208.05,2024-10-26,cust_0050
10159,Długopis Gel,Papiernicze,14.14,2024-10-26,cust_0050
10159,Mysz Light,Akcesoria,130.53,2024-10-26,cust_0050
10159,Biurko Slim,Meble,582.9,2024-10-26,cust_0050
10160,Butelka filtrująca,Dom,105.06,2024-12-02,cust_0190
10160,Biurko Slim,Meble,1429.33,2024-12-02,cust_0190
10160,Kubek termiczny,Dom,148.46,2024-12-02,cust_0190
10160,Biurko Slim,Meble,1049.48,2024-12-02,cust_0190
10160,Kubek termiczny,Dom,108.74,2024-12-02,cust_0190
10161,Plecak City,Moda,231.01,2024-05-01,cust_0215
10161,Butelka filtrująca,Dom,42.63,2024-05-01,cust_0215
10161,Kubek termiczny,Dom,119.28,2024-05-01,cust_0215
10161,Plecak City,Moda,98.52,2024-05-01,cust_0215
10161,Klawiatura MX,Akcesoria,489.63,2024-05-01,cust_0215
10162,Koszulka Basic,Moda,162.91,2024-10-31,cust_0179
10162,Butelka filtrująca,Dom,135.78,2024-10-31,cust_0179
10162,Słuchawki Pro,Elektronika,3085.11,2024-10-31,cust_0179
10163,Notes A5,Papiernicze,18.73,2024-07-05,cust_0127
10163,Kubek termiczny,Dom,83.63,2024-07-05,cust_0127
10164,Klawiatura MX,Akcesoria,495.97,2024-06-26,cust_0079
10165,Butelka filtrująca,Dom,167.94,2024-05-28,cust_0186
10165,Biurko Slim,Meble,1253.03,2024-05-28,cust_0186
10165,Smartfon X,Elektronika,4973.27,2024-05-28,cust_0186
10166,Słuchawki Pro,Elektronika,1265.75,2024-05-27,cust_0034
10166,Fotel Ergonomic,Meble,825.99,2024-05-27,cust_0034
10167,Fotel Ergonomic,Meble,1004.93,2024-12-08,cust_0061
10167,Długopis Gel,Papiernicze,26.51,2024-12-08,cust_0061
10167,Kubek termiczny,Dom,93.1,2024-12-08,cust_0061
10167,Koszulka Basic,Moda,71.78,2024-12-08,cust_0061
10167,Smartfon X,Elektronika,934.2,2024-12-08,cust_0061
10168,Notes A5,Papiernicze,19.27,2024-04-22,cust_0151
10169,Klawiatura MX,Akcesoria,259.63,2024-08-26,cust_0249
10169,Biurko Slim,Meble,985.6,2024-08-26,cust_0249
10169,Butelka filtrująca,Dom,135.46,2024-08-26,cust_0249
10169,Butelka filtrująca,Dom,181.83,2024-08-26,cust_0249
10169,Butelka filtrująca,Dom,167.58,2024-08-26,cust_0249
10170,Biurko Slim,Meble,1117.53,2024-05-25,cust_0167
10170,Koszulka Basic,Moda,103.89,2024-05-25,cust_0167
10170,Klawiatura MX,Akcesoria,122.98,2024-05-25,cust_0167
10170,Słuchawki Pro,Elektronika,2901.99,2024-05-25,cust_0167
10170,Klawiatura MX,Akcesoria,220.44,2024-05-25,cust_0167
10171,Fotel Ergonomic,Meble,1245.15,2024-05-23,cust_0064
10172,Długopis Gel,Papiernicze,9.28,2024-01-22,cust_0088
10173,Butelka filtrująca,Dom,162.32,2024-08-26,cust_0097
10173,Fotel Ergonomic,Meble,781.59,2024-08-26,cust_0097
10173,Kubek termiczny,Dom,74.64,2024-08-26,cust_0097
10174,Długopis Gel,Papiernicze,8.49,2024-06-01,cust_0230
10174,Bluza Hoodie,Moda,146.72,2024-06-01,cust_0230
10174,Smartfon X,Elektronika,729.77,2024-06-01,cust_0230
10174,Koszulka Basic,Moda,48.11,2024-06-01,cust_0230
10174,Smartfon X,Elektronika,1622.7,2024-06-01,cust_0230
10175,Butelka filtrująca,Dom,50.52,2024-04-18,cust_0155
10175,Butelka filtrująca,Dom,64.57,2024-04-18,cust_0155
10176,Plecak City,Moda,207.79,2024-03-04,cust_0210
10176,Kubek termiczny,Dom,63.04,2024-03-04,cust_0210
10176,Biurko Slim,Meble,276.51,2024-03-04,cust_0210
10176,Słuchawki Pro,Elektronika,4376.55,2024-03-04,cust_0210
10177,Bluza Hoodie,Moda,167.07,2024-02-18,cust_0161
10178,Mysz Light,Akcesoria,475.31,2024-08-18,cust_0221
10178,Bluza Hoodie,Moda,211.16,2024-08-18,cust_0221
10178,Klawiatura MX,Akcesoria,244.79,2024-08-18,cust_0221
10179,Kubek termiczny,Dom,47.57,2024-08-20,cust_0184
10179,Kubek termiczny,Dom,79.37,2024-08-20,cust_0184
10179,Smartfon X,Elektronika,1925.07,2024-08-20,cust_0184
10179,Bluza Hoodie,Moda,100.08,2024-08-20,cust_0184
10180,Klawiatura MX,Akcesoria,329.56,2024-03-03,cust_0208
10180,Biurko Slim,Meble,1417.49,2024-03-03,cust_0208
10180,Mysz Light,Akcesoria,336.37,2024-03-03,cust_0208
10181,Notes A5,Papiernicze,4.76,2024-03-29,cust_0034
10181,Notes A5,Papiernicze,28.17,2024-03-29,cust_0034
10181,Bluza Hoodie,Moda,78.71,2024-03-29,cust_0034
10182,Bluza Hoodie,Moda,86.78,2024-11-27,cust_0129
10182,Koszulka Basic,Moda,181.49,2024-11-27,cust_0129
10182,Smartfon X,Elektronika,1357.26,2024-11-27,cust_0129
10182,Bluza Hoodie,Moda,151.02,2024-11-27,cust_0129
10182,Długopis Gel,Papiernicze,27.92,2024-11-27,cust_0129
10183,Kubek termiczny,Dom,73.63,2024-03-26,cust_0180
10183,Biurko Slim,Meble,934.16,2024-03-26,cust_0180
10183,Mysz Light,Akcesoria,193.99,2024-03-26,cust_0180
10184,Koszulka Basic,Moda,100.53,2024-02-01,cust_0104
10184,Kubek termiczny,Dom,187.84,2024-02-01,cust_0104
10184,Bluza Hoodie,Moda,140.65,2024-02-01,cust_0104
10185,Długopis Gel,Papiernicze,39.21,2024-03-31,cust_0166
10185,Biurko Slim,Meble,745.94,2024-03-31,cust_0166
10185,Słuchawki Pro,Elektronika,910.44,2024-03-31,cust_0166
10185,Butelka filtrująca,Dom,113.94,2024-03-31,cust_0166
10186,Mysz Light,Akcesoria,429.49,2024-11-21,cust_0164
10186,Laptop Air 13,Elektronika,4662.4,2024-11-21,cust_0164
10187,Smartfon X,Elektronika,2303.51,2024-06-12,cust_0049
10188,Smartfon X,Elektronika,1721.34,2024-10-13,cust_0063
10188,Kubek termiczny,Dom,55.78,2024-10-13,cust_0063
10188,Notes A5,Papiernicze,17.95,2024-10-13,cust_0063
10189,Koszulka Basic,Moda,163.97,2024-02-23,cust_0038
10190,Notes A5,Papiernicze,11.09,2024-08-16,cust_0088
10191,Biurko Slim,Meble,400.09,2024-01-20,cust_0239
10191,Mysz Light,Akcesoria,372.3,2024-01-20,cust_0239
10191,Plecak City,Moda,124.82,2024-01-20,cust_0239
10191,Laptop Air 13,Elektronika,3897.93,2024-01-20,cust_0239
10191,Słuchawki Pro,Elektronika,3340.82,2024-01-20,cust_0239
10192,Plecak City,Moda,134.05,2024-04-18,cust_0162
10192,Klawiatura MX,Akcesoria,87.69,2024-04-18,cust_0162
10192,Mysz Light,Akcesoria,144.84,2024-04-18,cust_0162
10193,Laptop Air 13,Elektronika,760.88,2024-04-15,cust_0084
10193,Plecak City,Moda,190.7,2024-04-15,cust_0084
10194,Mysz Light,Akcesoria,414.21,2024-09-09,cust_0162
10194,Plecak City,Moda,50.02,2024-09-09,cust_0162
10194,Laptop Air 13,Elektronika,1541.47,2024-09-09,cust_0162
10195,Słuchawki Pro,Elektronika,979.51,2024-12-03,cust_0173
10195,Kubek termiczny,Dom,123.41,2024-12-03,cust_0173
10196,Notes A5,Papiernicze,9.91,2024-09-20,cust_0193
10196,Smartfon X,Elektronika,2679.39,2024-09-20,cust_0193
10196,Klawiatura MX,Akcesoria,230.2,2024-09-20,cust_0193
10197,Fotel Ergonomic,Meble,1259.61,2024-08-05,cust_0135
10197,Słuchawki Pro,Elektronika,3272.64,2024-08-05,cust_0135
10198,Smartfon X,Elektronika,3001.03,2024-05-16,cust_0174
10198,Słuchawki Pro,Elektronika,1767.25,2024-05-16,cust_0174
10199,Butelka filtrująca,Dom,104.16,2024-05-15,cust_0041
10199,Butelka filtrująca,Dom,148.94,2024-05-15,cust_0041
10199,Długopis Gel,Papiernicze,25.36,2024-05-15,cust_0041
10200,Mysz Light,Akcesoria,151.27,2024-04-10,cust_0184
10200,Fotel Ergonomic,Meble,854.94,2024-04-10,cust_0184
10200,Mysz Light,Akcesoria,239.15,2024-04-10,cust_0184
10201,Biurko Slim,Meble,997.4,2024-11-06,cust_0159
10201,Mysz Light,Akcesoria,125.97,2024-11-06,cust_0159
10202,Klawiatura MX,Akcesoria,132.51,2024-03-30,cust_0179
10202,Biurko Slim,Meble,892.39,2024-03-30,cust_0179
10203,Butelka filtrująca,Dom,195.47,2024-03-14,cust_0074
10203,Koszulka Basic,Moda,50.56,2024-03-14,cust_0074
10204,Smartfon X,Elektronika,3773.69,2024-11-07,cust_0047
10205,Notes A5,Papiernicze,33.28,2024-04-25,cust_0116
10205,Fotel Ergonomic,Meble,1412.09,2024-04-25,cust_0116
10205,Kubek termiczny,Dom,67.95,2024-04-25,cust_0116
10205,Koszulka Basic,Moda,100.5,2024-04-25,cust_0116
10206,Smartfon X,Elektronika,2532.86,2024-02-02,cust_0084
10206,Biurko Slim,Meble,1103.14,2024-02-02,cust_0084
10206,Smartfon X,Elektronika,3338.92,2024-02-02,cust_0084
10207,Fotel Ergonomic,Meble,815.46,2024-12-17,cust_0128
10207,Mysz Light,Akcesoria,368.66,2024-12-17,cust_0128
10207,Fotel Ergonomic,Meble,1127.26,2024-12-17,cust_0128
10207,Smartfon X,Elektronika,1889.84,2024-12-17,cust_0128
10208,Smartfon X,Elektronika,3964.68,2024-06-20,cust_0166
10208,Butelka filtrująca,Dom,83.56,2024-06-20,cust_0166
10208,Koszulka Basic,Moda,157.52,2024-06-20,cust_0166
10209,Fotel Ergonomic,Meble,762.46,2024-05-21,cust_0137
10210,Bluza Hoodie,Moda,61.07,2024-04-28,cust_0174
10210,Biurko Slim,Meble,1260.95,2024-04-28,cust_0174
10210,Klawiatura MX,Akcesoria,83.57,2024-04-28,cust_0174
10210,Fotel Ergonomic,Meble,1297.0,2024-04-28,cust_0174
10211,Laptop Air 13,Elektronika,1991.14,2024-05-12,cust_0169
10211,Butelka filtrująca,Dom,27.06,2024-05-12,cust_0169
10212,Kubek termiczny,Dom,37.0,2024-12-01,cust_0152
10213,Notes A5,Papiernicze,33.14,2024-07-07,cust_0033
10213,Długopis Gel,Papiernicze,17.19,2024-07-07,cust_0033
10213,Notes A5,Papiernicze,37.76,2024-07-07,cust_0033
10213,Mysz Light,Akcesoria,114.58,2024-07-07,cust_0033
10214,Kubek termiczny,Dom,27.52,2024-11-20,cust_0229
10214,Biurko Slim,Meble,1210.1,2024-11-20,cust_0229
10214,Kubek termiczny,Dom,121.38,2024-11-20,cust_0229
10215,Notes A5,Papiernicze,32.93,2024-03-29,cust_0056
10215,Laptop Air 13,Elektronika,1691.66,2024-03-29,cust_0056
10215,Słuchawki Pro,Elektronika,4424.54,2024-03-29,cust_0056
10216,Plecak City,Moda,198.57,2024-07-08,cust_0217
10216,Długopis Gel,Papiernicze,43.84,2024-07-08,cust_0217
10216,Notes A5,Papiernicze,31.32,2024-07-08,cust_0217
10216,Słuchawki Pro,Elektronika,3980.3,2024-07-08,cust_0217
10216,Kubek termiczny,Dom,180.63,2024-07-08,cust_0217
10217,Laptop Air 13,Elektronika,2676.36,2024-07-14,cust_0115
10217,Laptop Air 13,Elektronika,4477.79,2024-07-14,cust_0115
10218,Koszulka Basic,Moda,156.89,2024-03-03,cust_0208
10218,Plecak City,Moda,171.94,2024-03-03,cust_0208
10218,Laptop Air 13,Elektronika,843.31,2024-03-03,cust_0208
10218,Notes A5,Papiernicze,16.47,2024-03-03,cust_0208
10219,Smartfon X,Elektronika,2228.02,2024-03-04,cust_0093
10219,Koszulka Basic,Moda,144.2,2024-03-04,cust_0093
10220,Notes A5,Papiernicze,19.3,2024-04-27,cust_0056
10220,Słuchawki Pro,Elektronika,2955.79,2024-04-27,cust_0056
10220,Biurko Slim,Meble,456.71,2024-04-27,cust_0056
10221,Laptop Air 13,Elektronika,3003.51,2024-10-06,cust_0244
10221,Długopis Gel,Papiernicze,26.29,2024-10-06,cust_0244
10221,Długopis Gel,Papiernicze,10.08,2024-10-06,cust_0244
10222,Klawiatura MX,Akcesoria,475.76,2024-07-02,cust_0106
10222,Biurko Slim,Meble,437.48,2024-07-02,cust_0106
10222,Kubek termiczny,Dom,122.16,2024-07-02,cust_0106
10222,Biurko Slim,Meble,1145.77,2024-07-02,cust_0106
10223,Smartfon X,Elektronika,3556.58,2024-10-09,cust_0216
10223,Biurko Slim,Meble,776.36,2024-10-09,cust_0216
10223,Bluza Hoodie,Moda,137.79,2024-10-09,cust_0216
10223,Klawiatura MX,Akcesoria,298.68,2024-10-09,cust_0216
10224,Bluza Hoodie,Moda,157.49,2024-02-07,cust_0076
10224,Bluza Hoodie,Moda,187.6,2024-02-07,cust_0076
10225,Klawiatura MX,Akcesoria,470.72,2024-11-17,cust_0221
10225,Biurko Slim,Meble,765.8,2024-11-17,cust_0221
10225,Koszulka Basic,Moda,201.77,2024-11-17,cust_0221
10225,Bluza Hoodie,Moda,165.47,2024-11-17,cust_0221
10225,Fotel Ergonomic,Meble,1029.9,2024-11-17,cust_0221
10226,Koszulka Basic,Moda,152.98,2024-12-11,cust_0074
10226,Laptop Air 13,Elektronika,3958.79,2024-12-11,cust_0074
10226,Długopis Gel,Papiernicze,7.54,2024-12-11,cust_0074
10227,Bluza Hoodie,Moda,124.33,2024-09-16,cust_0242
10227,Słuchawki Pro,Elektronika,969.31,2024-09-16,cust_0242
10228,Plecak City,Moda,125.09,2024-03-22,cust_0159
10228,Słuchawki Pro,Elektronika,4808.46,2024-03-22,cust_0159
10229,Smartfon X,Elektronika,2816.09,2024-09-23,cust_0207
10229,Mysz Light,Akcesoria,90.32,2024-09-23,cust_0207
10229,Notes A5,Papiernicze,47.32,2024-09-23,cust_0207
10229,Plecak City,Moda,233.56,2024-09-23,cust_0207
10229,Słuchawki Pro,Elektronika,3175.47,2024-09-23,cust_0207
10230,Bluza Hoodie,Moda,78.61,2024-12-12,cust_0203
10230,Mysz Light,Akcesoria,107.67,2024-12-12,cust_0203
10230,Laptop Air 13,Elektronika,2784.1,2024-12-12,cust_0203
10231,Mysz Light,Akcesoria,111.38,2024-02-12,cust_0071
10231,Bluza Hoodie,Moda,67.09,2024-02-12,cust_0071
10232,Smartfon X,Elektronika,4337.35,2024-12-23,cust_0197
10232,Koszulka Basic,Moda,152.38,2024-12-23,cust_0197
10232,Laptop Air 13,Elektronika,3634.3,2024-12-23,cust_0197
10232,Biurko Slim,Meble,752.59,2024-12-23,cust_0197
10233,Laptop Air 13,Elektronika,3446.28,2024-05-28,cust_0161
10233,Smartfon X,Elektronika,1269.45,2024-05-28,cust_0161
10233,Plecak City,Moda,106.42,2024-05-28,cust_0161
10233,Notes A5,Papiernicze,17.12,2024-05-28,cust_0161
10234,Bluza Hoodie,Moda,169.48,2024-12-12,cust_0138
10234,Mysz Light,Akcesoria,165.44,2024-12-12,cust_0138
10234,Smartfon X,Elektronika,4220.51,2024-12-12,cust_0138
10234,Klawiatura MX,Akcesoria,187.57,2024-12-12,cust_0138
10234,Fotel Ergonomic,Meble,1094.79,2024-12-12,cust_0138
10235,Smartfon X,Elektronika,2744.52,2024-08-06,cust_0143
10236,Kubek termiczny,Dom,167.46,2024-12-09,cust_0083
10236,Koszulka Basic,Moda,69.5,2024-12-09,cust_0083
10237,Klawiatura MX,Akcesoria,295.79,2024-01-03,cust_0049
10237,Słuchawki Pro,Elektronika,5009.43,2024-01-03,cust_0049
10238,Biurko Slim,Meble,317.58,2024-02-13,cust_0157
10238,Biurko Slim,Meble,707.31,2024-02-13,cust_0157
10238,Smartfon X,Elektronika,3570.68,2024-02-13,cust_0157
10238,Smartfon X,Elektronika,2112.53,2024-02-13,cust_0157
10238,Biurko Slim,Meble,502.25,2024-02-13,cust_0157
10239,Fotel Ergonomic,Meble,1005.22,2024-09-22,cust_0049
10239,Mysz Light,Akcesoria,314.29,2024-09-22,cust_0049
10239,Biurko Slim,Meble,556.0,2024-09-22,cust_0049
10239,Słuchawki Pro,Elektronika,1670.1,2024-09-22,cust_0049
10240,Słuchawki Pro,Elektronika,1142.09,2024-01-28,cust_0065
10240,Laptop Air 13,Elektronika,3520.95,2024-01-28,cust_0065
10240,Kubek termiczny,Dom,58.11,2024-01-28,cust_0065
10240,Smartfon X,Elektronika,2381.1,2024-01-28,cust_0065
10241,Laptop Air 13,Elektronika,4449.67,2024-06-24,cust_0040
10241,Słuchawki Pro,Elektronika,1518.71,2024-06-24,cust_0040
10241,Słuchawki Pro,Elektronika,1124.39,2024-06-24,cust_0040
10241,Mysz Light,Akcesoria,361.28,2024-06-24,cust_0040
10241,Plecak City,Moda,199.29,2024-06-24,cust_0040
10242,Słuchawki Pro,Elektronika,1231.83,2024-10-08,cust_0241
10242,Biurko Slim,Meble,1237.37,2024-10-08,cust_0241
10242,Butelka filtrująca,Dom,112.06,2024-10-08,cust_0241
10242,Słuchawki Pro,Elektronika,1859.77,2024-10-08,cust_0241
10243,Plecak City,Moda,46.8,2024-07-15,cust_0039
10243,Fotel Ergonomic,Meble,1270.01,2024-07-15,cust_0039
10243,Smartfon X,Elektronika,2473.15,2024-07-15,cust_0039
10243,Laptop Air 13,Elektronika,4296.95,2024-07-15,cust_0039
10244,Notes A5,Papiernicze,16.47,2024-05-01,cust_0083
10244,Fotel Ergonomic,Meble,310.75,2024-05-01,cust_0083
10244,Butelka filtrująca,Dom,161.11,2024-05-01,cust_0083
10245,Klawiatura MX,Akcesoria,262.95,2024-01-06,cust_0125
10245,Smartfon X,Elektronika,3664.88,2024-01-06,cust_0125
10245,Kubek termiczny,Dom,141.31,2024-01-06,cust_0125
10246,Kubek termiczny,Dom,67.21,2024-12-12,cust_0002
10246,Słuchawki Pro,Elektronika,2553.21,2024-12-12,cust_0002
10247,Plecak City,Moda,91.31,2024-05-22,cust_0113
10247,Smartfon X,Elektronika,3322.2,2024-05-22,cust_0113
10247,Kubek termiczny,Dom,72.94,2024-05-22,cust_0113
10248,Fotel Ergonomic,Meble,1242.01,2024-01-27,cust_0099
10248,Butelka filtrująca,Dom,188.85,2024-01-27,cust_0099
10248,Koszulka Basic,Moda,85.92,2024-01-27,cust_0099
10248,Mysz Light,Akcesoria,256.61,2024-01-27,cust_0099
10249,Laptop Air 13,Elektronika,2221.69,2024-02-28,cust_0017
10249,Koszulka Basic,Moda,37.4,2024-02-28,cust_0017
10249,Kubek termiczny,Dom,131.23,2024-02-28,cust_0017
10249,Biurko Slim,Meble,977.03,2024-02-28,cust_0017
10250,Klawiatura MX,Akcesoria,441.27,2024-07-27,cust_0203
10250,Kubek termiczny,Dom,117.91,2024-07-27,cust_0203
10250,Długopis Gel,Papiernicze,11.72,2024-07-27,cust_0203
10250,Koszulka Basic,Moda,210.65,2024-07-27,cust_0203
10251,Kubek termiczny,Dom,65.26,2024-05-17,cust_0174
10251,Koszulka Basic,Moda,77.0,2024-05-17,cust_0174
10251,Plecak City,Moda,71.95,2024-05-17,cust_0174
10252,Notes A5,Papiernicze,16.13,2024-12-25,cust_0195
10252,Fotel Ergonomic,Meble,612.94,2024-12-25,cust_0195
10253,Biurko Slim,Meble,1051.53,2024-07-12,cust_0213
10253,Plecak City,Moda,222.04,2024-07-12,cust_0213
10253,Fotel Ergonomic,Meble,958.2,2024-07-12,cust_0213
10254,Długopis Gel,Papiernicze,41.2,2024-05-04,cust_0024
10254,Bluza Hoodie,Moda,122.63,2024-05-04,cust_0024
10254,Długopis Gel,Papiernicze,21.11,2024-05-04,cust_0024
10254,Plecak City,Moda,178.23,2024-05-04,cust_0024
10255,Plecak City,Moda,93.83,2024-02-23,cust_0138
10255,Biurko Slim,Meble,845.53,2024-02-23,cust_0138
10255,Notes A5,Papiernicze,44.67,2024-02-23,cust_0138
10255,Klawiatura MX,Akcesoria,57.22,2024-02-23,cust_0138
10255,Smartfon X,Elektronika,890.65,2024-02-23,cust_0138
10256,Plecak City,Moda,59.1,2024-09-28,cust_0037
10256,Smartfon X,Elektronika,2082.53,2024-09-28,cust_0037
10256,Biurko Slim,Meble,653.75,2024-09-28,cust_0037
10256,Fotel Ergonomic,Meble,806.63,2024-09-28,cust_0037
10257,Długopis Gel,Papiernicze,10.96,2024-10-22,cust_0016
10257,Laptop Air 13,Elektronika,4192.24,2024-10-22,cust_0016
10257,Bluza Hoodie,Moda,131.55,2024-10-22,cust_0016
10257,Kubek termiczny,Dom,112.39,2024-10-22,cust_0016
10257,Notes A5,Papiernicze,45.36,2024-10-22,cust_0016
10258,Słuchawki Pro,Elektronika,3422.87,2024-03-07,cust_0178
10258,Słuchawki Pro,Elektronika,3193.28,2024-03-07,cust_0178
10258,Biurko Slim,Meble,616.95,2024-03-07,cust_0178
10259,Butelka filtrująca,Dom,60.42,2024-07-27,cust_0138
10260,Koszulka Basic,Moda,48.94,2024-02-06,cust_0009
10260,Słuchawki Pro,Elektronika,958.14,2024-02-06,cust_0009
10261,Fotel Ergonomic,Meble,1486.11,2024-02-17,cust_0241
10262,Plecak City,Moda,225.43,2024-07-29,cust_0216
10262,Koszulka Basic,Moda,223.59,2024-07-29,cust_0216
10262,Bluza Hoodie,Moda,160.89,2024-07-29,cust_0216
10262,Klawiatura MX,Akcesoria,251.86,2024-07-29,cust_0216
10262,Biurko Slim,Meble,598.55,2024-07-29,cust_0216
10263,Notes A5,Papiernicze,42.31,2024-05-09,cust_0106
10263,Słuchawki Pro,Elektronika,2129.91,2024-05-09,cust_0106
10264,Fotel Ergonomic,Meble,1106.85,2024-10-15,cust_0207
10264,Fotel Ergonomic,Meble,650.25,2024-10-15,cust_0207
10264,Smartfon X,Elektronika,3766.09,2024-10-15,cust_0207
10265,Mysz Light,Akcesoria,97.9,2024-01-17,cust_0043
10265,Długopis Gel,Papiernicze,37.69,2024-01-17,cust_0043
10265,Klawiatura MX,Akcesoria,130.84,2024-01-17,cust_0043
10266,Biurko Slim,Meble,871.06,2024-08-04,cust_0228
10266,Słuchawki Pro,Elektronika,3209.33,2024-08-04,cust_0228
10266,Bluza Hoodie,Moda,182.42,2024-08-04,cust_0228
10266,Biurko Slim,Meble,488.6,2024-08-04,cust_0228
10266,Słuchawki Pro,Elektronika,4145.86,2024-08-04,cust_0228
10267,Bluza Hoodie,Moda,86.8,2024-08-12,cust_0106
10267,Laptop Air 13,Elektronika,3982.9,2024-08-12,cust_0106
10267,Laptop Air 13,Elektronika,3728.19,2024-08-12,cust_0106
10267,Klawiatura MX,Akcesoria,283.53,2024-08-12,cust_0106
10268,Słuchawki Pro,Elektronika,2304.66,2024-11-29,cust_0059
10268,Długopis Gel,Papiernicze,29.2,2024-11-29,cust_0059
10268,Słuchawki Pro,Elektronika,3959.32,2024-11-29,cust_0059
10268,Mysz Light,Akcesoria,375.11,2024-11-29,cust_0059
10268,Bluza Hoodie,Moda,195.78,2024-11-29,cust_0059
10269,Bluza Hoodie,Moda,57.43,2024-11-30,cust_0185
10269,Smartfon X,Elektronika,3967.21,2024-11-30,cust_0185
10269,Biurko Slim,Meble,978.85,2024-11-30,cust_0185
10269,Plecak City,Moda,70.91,2024-11-30,cust_0185
10269,Fotel Ergonomic,Meble,366.23,2024-11-30,cust_0185
10270,Biurko Slim,Meble,1186.96,2024-05-28,cust_0156
10271,Notes A5,Papiernicze,47.47,2024-08-23,cust_0026
10271,Biurko Slim,Meble,1459.17,2024-08-23,cust_0026
10272,Długopis Gel,Papiernicze,21.34,2024-01-26,cust_0168
10273,Fotel Ergonomic,Meble,914.45,2024-11-22,cust_0003
10273,Biurko Slim,Meble,1194.28,2024-11-22,cust_0003
10273,Laptop Air 13,Elektronika,2288.12,2024-11-22,cust_0003
10273,Słuchawki Pro,Elektronika,4107.65,2024-11-22,cust_0003
10273,Mysz Light,Akcesoria,220.7,2024-11-22,cust_0003
10274,Klawiatura MX,Akcesoria,344.15,2024-12-16,cust_0095
10274,Butelka filtrująca,Dom,154.81,2024-12-16,cust_0095
10274,Mysz Light,Akcesoria,145.86,2024-12-16,cust_0095
10275,Bluza Hoodie,Moda,40.34,2024-10-23,cust_0101
10275,Długopis Gel,Papiernicze,35.06,2024-10-23,cust_0101
10275,Smartfon X,Elektronika,4204.87,2024-10-23,cust_0101
10276,Klawiatura MX,Akcesoria,90.46,2024-10-14,cust_0204
10276,Słuchawki Pro,Elektronika,3303.27,2024-10-14,cust_0204
10277,Słuchawki Pro,Elektronika,4594.93,2024-01-09,cust_0011
10278,Mysz Light,Akcesoria,438.69,2024-07-02,cust_0193
10278,Biurko Slim,Meble,1353.72,2024-07-02,cust_0193
10278,Plecak City,Moda,101.84,2024-07-02,cust_0193
10279,Słuchawki Pro,Elektronika,2770.0,2024-03-23,cust_0112
10279,Notes A5,Papiernicze,15.13,2024-03-23,cust_0112
10279,Butelka filtrująca,Dom,168.29,2024-03-23,cust_0112
10279,Butelka filtrująca,Dom,170.69,2024-03-23,cust_0112
10280,Butelka filtrująca,Dom,94.83,2024-04-19,cust_0138
10280,Mysz Light,Akcesoria,107.1,2024-04-19,cust_0138
10280,Długopis Gel,Papiernicze,33.3,2024-04-19,cust_0138
10280,Smartfon X,Elektronika,3657.22,2024-04-19,cust_0138
10280,Koszulka Basic,Moda,60.3,2024-04-19,cust_0138
10281,Długopis Gel,Papiernicze,17.85,2024-06-29,cust_0224
10281,Bluza Hoodie,Moda,248.33,2024-06-29,cust_0224
10281,Plecak City,Moda,211.44,2024-06-29,cust_0224
10282,Kubek termiczny,Dom,117.28,2024-12-12,cust_0235
10283,Bluza Hoodie,Moda,135.66,2024-12-09,cust_0089
10283,Słuchawki Pro,Elektronika,4012.42,2024-12-09,cust_0089
10283,Laptop Air 13,Elektronika,4328.24,2024-12-09,cust_0089
10283,Mysz Light,Akcesoria,357.89,2024-12-09,cust_0089
10283,Kubek termiczny,Dom,61.37,2024-12-09,cust_0089
10284,Laptop Air 13,Elektronika,4423.87,2024-06-24,cust_0136
10285,Słuchawki Pro,Elektronika,2559.99,2024-07-28,cust_0234
10285,Słuchawki Pro,Elektronika,2781.11,2024-07-28,cust_0234
10286,Słuchawki Pro,Elektronika,5171.0,2024-04-20,cust_0191
10287,Notes A5,Papiernicze,20.19,2024-11-09,cust_0218
10287,Laptop Air 13,Elektronika,4871.88,2024-11-09,cust_0218
10288,Klawiatura MX,Akcesoria,77.87,2024-09-22,cust_0076
10288,Klawiatura MX,Akcesoria,102.6,2024-09-22,cust_0076
10288,Butelka filtrująca,Dom,78.58,2024-09-22,cust_0076
10288,Notes A5,Papiernicze,37.18,2024-09-22,cust_0076
10288,Klawiatura MX,Akcesoria,94.13,2024-09-22,cust_0076
10289,Laptop Air 13,Elektronika,2016.85,2024-03-06,cust_0034
10289,Słuchawki Pro,Elektronika,1255.87,2024-03-06,cust_0034
10290,Fotel Ergonomic,Meble,1204.01,2024-04-20,cust_0114
10290,Plecak City,Moda,53.74,2024-04-20,cust_0114
10290,Słuchawki Pro,Elektronika,1673.89,2024-04-20,cust_0114
10290,Notes A5,Papiernicze,34.77,2024-04-20,cust_0114
10290,Butelka filtrująca,Dom,203.8,2024-04-20,cust_0114
10291,Butelka filtrująca,Dom,34.86,2024-07-24,cust_0168
10291,Laptop Air 13,Elektronika,2433.36,2024-07-24,cust_0168
10291,Laptop Air 13,Elektronika,2836.33,2024-07-24,cust_0168
10292,Długopis Gel,Papiernicze,27.18,2024-04-10,cust_0005
10292,Słuchawki Pro,Elektronika,1215.94,2024-04-10,cust_0005
10292,Bluza Hoodie,Moda,175.32,2024-04-10,cust_0005
10292,Laptop Air 13,Elektronika,1617.15,2024-04-10,cust_0005
10293,Mysz Light,Akcesoria,213.68,2024-03-02,cust_0054
10293,Długopis Gel,Papiernicze,25.31,2024-03-02,cust_0054
10293,Butelka filtrująca,Dom,96.7,2024-03-02,cust_0054
10293,Fotel Ergonomic,Meble,754.22,2024-03-02,cust_0054
10294,Długopis Gel,Papiernicze,9.73,2024-04-29,cust_0076
10294,Kubek termiczny,Dom,32.85,2024-04-29,cust_0076
10294,Słuchawki Pro,Elektronika,3286.64,2024-04-29,cust_0076
10294,Długopis Gel,Papiernicze,20.75,2024-04-29,cust_0076
10294,Smartfon X,Elektronika,4601.36,2024-04-29,cust_0076
10295,Kubek termiczny,Dom,39.93,2024-02-14,cust_0222
10295,Plecak City,Moda,145.19,2024-02-14,cust_0222
10295,Butelka filtrująca,Dom,147.39,2024-02-14,cust_0222
10295,Biurko Slim,Meble,1044.44,2024-02-14,cust_0222
10295,Smartfon X,Elektronika,3575.71,2024-02-14,cust_0222
10296,Bluza Hoodie,Moda,182.92,2024-03-10,cust_0177
10296,Fotel Ergonomic,Meble,652.62,2024-03-10,cust_0177
10297,Kubek termiczny,Dom,90.84,2024-03-05,cust_0067
10297,Smartfon X,Elektronika,2212.47,2024-03-05,cust_0067
10297,Koszulka Basic,Moda,101.53,2024-03-05,cust_0067
10297,Notes A5,Papiernicze,36.92,2024-03-05,cust_0067
10297,Plecak City,Moda,174.15,2024-03-05,cust_0067
10298,Bluza Hoodie,Moda,77.01,2024-03-15,cust_0189
10298,Fotel Ergonomic,Meble,443.17,2024-03-15,cust_0189
10298,Kubek termiczny,Dom,178.82,2024-03-15,cust_0189
10298,Fotel Ergonomic,Meble,758.94,2024-03-15,cust_0189
10299,Fotel Ergonomic,Meble,844.05,2024-03-11,cust_0248
10299,Notes A5,Papiernicze,15.91,2024-03-11,cust_0248
10300,Butelka filtrująca,Dom,54.27,2024-10-07,cust_0229
10300,Słuchawki Pro,Elektronika,2049.35,2024-10-07,cust_0229
10300,Butelka filtrująca,Dom,150.38,2024-10-07,cust_0229
10300,Biurko Slim,Meble,500.04,2024-10-07,cust_0229
10301,Koszulka Basic,Moda,129.27,2024-07-24,cust_0187
10301,Fotel Ergonomic,Meble,688.77,2024-07-24,cust_0187
10301,Fotel Ergonomic,Meble,1223.29,2024-07-24,cust_0187
10302,Butelka filtrująca,Dom,172.34,2024-04-03,cust_0170
10302,Laptop Air 13,Elektronika,4536.08,2024-04-03,cust_0170
10302,Długopis Gel,Papiernicze,20.74,2024-04-03,cust_0170
10302,Bluza Hoodie,Moda,117.36,2024-04-03,cust_0170
10303,Koszulka Basic,Moda,172.02,2024-04-08,cust_0084
10304,Butelka filtrująca,Dom,131.08,2024-09-06,cust_0188
10304,Smartfon X,Elektronika,3463.95,2024-09-06,cust_0188
10304,Smartfon X,Elektronika,937.39,2024-09-06,cust_0188
10304,Biurko Slim,Meble,472.79,2024-09-06,cust_0188
10304,Fotel Ergonomic,Meble,638.57,2024-09-06,cust_0188
10305,Słuchawki Pro,Elektronika,2805.96,2024-07-12,cust_0047
10306,Smartfon X,Elektronika,1600.62,2024-11-01,cust_0013
10306,Mysz Light,Akcesoria,171.22,2024-11-01,cust_0013
10306,Plecak City,Moda,101.72,2024-11-01,cust_0013
10306,Kubek termiczny,Dom,81.7,2024-11-01,cust_0013
10307,Słuchawki Pro,Elektronika,2715.33,2024-05-02,cust_0185
10307,Koszulka Basic,Moda,39.78,2024-05-02,cust_0185
10308,Koszulka Basic,Moda,152.96,2024-08-21,cust_0011
10309,Plecak City,Moda,38.43,2024-07-10,cust_0065
10309,Biurko Slim,Meble,539.08,2024-07-10,cust_0065
10309,Smartfon X,Elektronika,858.16,2024-07-10,cust_0065
10309,Fotel Ergonomic,Meble,1160.3,2024-07-10,cust_0065
10309,Klawiatura MX,Akcesoria,516.31,2024-07-10,cust_0065
10310,Butelka filtrująca,Dom,203.07,2024-07-28,cust_0081
10310,Butelka filtrująca,Dom,100.41,2024-07-28,cust_0081
10310,Słuchawki Pro,Elektronika,1100.88,2024-07-28,cust_0081
10310,Smartfon X,Elektronika,3021.75,2024-07-28,cust_0081
10310,Klawiatura MX,Akcesoria,96.84,2024-07-28,cust_0081
10311,Biurko Slim,Meble,440.29,2024-03-16,cust_0174
10311,Koszulka Basic,Moda,113.04,2024-03-16,cust_0174
10311,Plecak City,Moda,92.85,2024-03-16,cust_0174
10311,Laptop Air 13,Elektronika,4532.11,2024-03-16,cust_0174
10311,Klawiatura MX,Akcesoria,358.8,2024-03-16,cust_0174
10312,Bluza Hoodie,Moda,121.72,2024-03-07,cust_0018
10312,Plecak City,Moda,45.73,2024-03-07,cust_0018
10312,Kubek termiczny,Dom,126.16,2024-03-07,cust_0018
10312,Biurko Slim,Meble,452.84,2024-03-07,cust_0018
10313,Koszulka Basic,Moda,202.51,2024-09-12,cust_0091
10313,Notes A5,Papiernicze,31.5,2024-09-12,cust_0091
10313,Plecak City,Moda,40.63,2024-09-12,cust_0091
10314,Koszulka Basic,Moda,117.29,2024-10-24,cust_0182
10314,Koszulka Basic,Moda,122.9,2024-10-24,cust_0182
10314,Długopis Gel,Papiernicze,9.88,2024-10-24,cust_0182
10314,Słuchawki Pro,Elektronika,3049.01,2024-10-24,cust_0182
10315,Plecak City,Moda,134.12,2024-07-20,cust_0104
10315,Biurko Slim,Meble,309.43,2024-07-20,cust_0104
10315,Smartfon X,Elektronika,3738.16,2024-07-20,cust_0104
10315,Bluza Hoodie,Moda,177.04,2024-07-20,cust_0104
10315,Laptop Air 13,Elektronika,4913.42,2024-07-20,cust_0104
10316,Fotel Ergonomic,Meble,1460.16,2024-11-08,cust_0070
10316,Fotel Ergonomic,Meble,296.69,2024-11-08,cust_0070
10316,Słuchawki Pro,Elektronika,3067.25,2024-11-08,cust_0070
10317,Klawiatura MX,Akcesoria,192.03,2024-01-18,cust_0002
10317,Długopis Gel,Papiernicze,13.15,2024-01-18,cust_0002
10317,Butelka filtrująca,Dom,144.94,2024-01-18,cust_0002
10317,Koszulka Basic,Moda,80.55,2024-01-18,cust_0002
10318,Słuchawki Pro,Elektronika,2933.57,2024-01-28,cust_0074
10318,Biurko Slim,Meble,687.43,2024-01-28,cust_0074
10318,Biurko Slim,Meble,411.64,2024-01-28,cust_0074
10318,Długopis Gel,Papiernicze,12.0,2024-01-28,cust_0074
10318,Słuchawki Pro,Elektronika,3986.53,2024-01-28,cust_0074
10319,Biurko Slim,Meble,1176.5,2024-02-09,cust_0004
10319,Fotel Ergonomic,Meble,681.26,2024-02-09,cust_0004
10319,Słuchawki Pro,Elektronika,1925.62,2024-02-09,cust_0004
10319,Klawiatura MX,Akcesoria,341.2,2024-02-09,cust_0004
10319,Mysz Light,Akcesoria,458.1,2024-02-09,cust_0004
10320,Plecak City,Moda,58.21,2024-12-12,cust_0144
10320,Kubek termiczny,Dom,139.87,2024-12-12,cust_0144
10321,Koszulka Basic,Moda,114.04,2024-01-22,cust_0157
10321,Mysz Light,Akcesoria,276.73,2024-01-22,cust_0157
10321,Biurko Slim,Meble,982.39,2024-01-22,cust_0157
10322,Notes A5,Papiernicze,38.76,2024-03-16,cust_0230
10322,Fotel Ergonomic,Meble,1206.81,2024-03-16,cust_0230
10322,Biurko Slim,Meble,478.11,2024-03-16,cust_0230
10323,Długopis Gel,Papiernicze,26.19,2024-04-22,cust_0023
10323,Mysz Light,Akcesoria,83.91,2024-04-22,cust_0023
10323,Mysz Light,Akcesoria,435.1,2024-04-22,cust_0023
10323,Bluza Hoodie,Moda,78.24,2024-04-22,cust_0023
10324,Biurko Slim,Meble,781.55,2024-03-28,cust_0127
10324,Mysz Light,Akcesoria,396.05,2024-03-28,cust_0127
10324,Klawiatura MX,Akcesoria,345.39,2024-03-28,cust_0127
10324,Mysz Light,Akcesoria,450.46,2024-03-28,cust_0127
10324,Słuchawki Pro,Elektronika,4205.89,2024-03-28,cust_0127
10325,Klawiatura MX,Akcesoria,263.6,2024-01-18,cust_0156
10325,Kubek termiczny,Dom,154.05,2024-01-18,cust_0156
10325,Kubek termiczny,Dom,45.51,2024-01-18,cust_0156
10325,Notes A5,Papiernicze,18.27,2024-01-18,cust_0156
10326,Smartfon X,Elektronika,4422.08,2024-02-21,cust_0049
10326,Słuchawki Pro,Elektronika,2497.73,2024-02-21,cust_0049
10327,Koszulka Basic,Moda,76.83,2024-06-08,cust_0221
10327,Klawiatura MX,Akcesoria,423.09,2024-06-08,cust_0221
10327,Mysz Light,Akcesoria,357.31,2024-06-08,cust_0221
10327,Plecak City,Moda,156.8,2024-06-08,cust_0221
10327,Długopis Gel,Papiernicze,12.23,2024-06-08,cust_0221
10328,Długopis Gel,Papiernicze,6.84,2024-04-20,cust_0102
10328,Biurko Slim,Meble,465.96,2024-04-20,cust_0102
10328,Laptop Air 13,Elektronika,2929.71,2024-04-20,cust_0102
10328,Laptop Air 13,Elektronika,4830.81,2024-04-20,cust_0102
10328,Butelka filtrująca,Dom,106.42,2024-04-20,cust_0102
10329,Plecak City,Moda,43.55,2024-10-28,cust_0155
10330,Długopis Gel,Papiernicze,30.72,2024-05-24,cust_0244
10330,Butelka filtrująca,Dom,121.06,2024-05-24,cust_0244
10331,Plecak City,Moda,145.78,2024-05-09,cust_0038
10331,Notes A5,Papiernicze,24.84,2024-05-09,cust_0038
10331,Smartfon X,Elektronika,3594.4,2024-05-09,cust_0038
10331,Słuchawki Pro,Elektronika,4351.91,2024-05-09,cust_0038
10332,Smartfon X,Elektronika,3823.16,2024-12-04,cust_0026
10332,Mysz Light,Akcesoria,474.63,2024-12-04,cust_0026
10332,Klawiatura MX,Akcesoria,182.69,2024-12-04,cust_0026
10333,Mysz Light,Akcesoria,426.74,2024-01-20,cust_0046
10333,Fotel Ergonomic,Meble,1128.65,2024-01-20,cust_0046
10333,Koszulka Basic,Moda,133.38,2024-01-20,cust_0046
10333,Kubek termiczny,Dom,54.57,2024-01-20,cust_0046
10333,Smartfon X,Elektronika,3006.71,2024-01-20,cust_0046
10334,Kubek termiczny,Dom,170.57,2024-12-10,cust_0177
10334,Długopis Gel,Papiernicze,42.04,2024-12-10,cust_0177
10334,Kubek termiczny,Dom,36.11,2024-12-10,cust_0177
10334,Długopis Gel,Papiernicze,17.63,2024-12-10,cust_0177
10334,Słuchawki Pro,Elektronika,3385.95,2024-12-10,cust_0177
10335,Słuchawki Pro,Elektronika,4593.18,2024-09-13,cust_0203
10335,Plecak City,Moda,152.5,2024-09-13,cust_0203
10335,Koszulka Basic,Moda,228.26,2024-09-13,cust_0203
10336,Mysz Light,Akcesoria,155.17,2024-02-07,cust_0089
10336,Plecak City,Moda,147.42,2024-02-07,cust_0089
10336,Klawiatura MX,Akcesoria,398.5,2024-02-07,cust_0089
10337,Koszulka Basic,Moda,122.62,2024-07-23,cust_0071
10337,Długopis Gel,Papiernicze,5.77,2024-07-23,cust_0071
10337,Butelka filtrująca,Dom,53.25,2024-07-23,cust_0071
10337,Słuchawki Pro,Elektronika,3582.27,2024-07-23,cust_0071
10338,Butelka filtrująca,Dom,106.1,2024-04-22,cust_0072
10338,Biurko Slim,Meble,526.35,2024-04-22,cust_0072
10338,Fotel Ergonomic,Meble,1052.64,2024-04-22,cust_0072
10338,Mysz Light,Akcesoria,371.56,2024-04-22,cust_0072
10339,Klawiatura MX,Akcesoria,372.15,2024-04-21,cust_0073
10339,Klawiatura MX,Akcesoria,106.7,2024-04-21,cust_0073
10339,Plecak City,Moda,239.63,2024-04-21,cust_0073
10339,Mysz Light,Akcesoria,338.36,2024-04-21,cust_0073
10340,Fotel Ergonomic,Meble,540.81,2024-03-06,cust_0209
10340,Plecak City,Moda,99.4,2024-03-06,cust_0209
10341,Słuchawki Pro,Elektronika,3783.94,2024-11-30,cust_0156
10341,Smartfon X,Elektronika,1250.49,2024-11-30,cust_0156
10341,Smartfon X,Elektronika,2397.5,2024-11-30,cust_0156
10341,Klawiatura MX,Akcesoria,348.57,2024-11-30,cust_0156
10342,Biurko Slim,Meble,537.42,2024-04-21,cust_0025
10342,Mysz Light,Akcesoria,48.48,2024-04-21,cust_0025
10342,Biurko Slim,Meble,1279.17,2024-04-21,cust_0025
10342,Notes A5,Papiernicze,15.69,2024-04-21,cust_0025
10342,Mysz Light,Akcesoria,331.88,2024-04-21,cust_0025
10343,Plecak City,Moda,120.31,2024-08-28,cust_0194
10343,Kubek termiczny,Dom,132.63,2024-08-28,cust_0194
10344,Smartfon X,Elektronika,1055.04,2024-11-15,cust_0200
10344,Notes A5,Papiernicze,38.91,2024-11-15,cust_0200
10344,Butelka filtrująca,Dom,149.99,2024-11-15,cust_0200
10344,Biurko Slim,Meble,1304.82,2024-11-15,cust_0200
10344,Smartfon X,Elektronika,2493.06,2024-11-15,cust_0200
10345,Mysz Light,Akcesoria,87.33,2024-11-05,cust_0025
10345,Klawiatura MX,Akcesoria,428.02,2024-11-05,cust_0025
10345,Laptop Air 13,Elektronika,3416.7,2024-11-05,cust_0025
10346,Butelka filtrująca,Dom,76.17,2024-09-06,cust_0137
10346,Koszulka Basic,Moda,89.52,2024-09-06,cust_0137
10346,Kubek termiczny,Dom,169.81,2024-09-06,cust_0137
10346,Mysz Light,Akcesoria,484.88,2024-09-06,cust_0137
10346,Słuchawki Pro,Elektronika,3866.37,2024-09-06,cust_0137
10347,Długopis Gel,Papiernicze,43.56,2024-12-24,cust_0212
10347,Koszulka Basic,Moda,89.84,2024-12-24,cust_0212
10348,Klawiatura MX,Akcesoria,475.49,2024-02-15,cust_0080
10348,Biurko Slim,Meble,1112.1,2024-02-15,cust_0080
10348,Klawiatura MX,Akcesoria,287.79,2024-02-15,cust_0080
10349,Kubek termiczny,Dom,160.13,2024-05-06,cust_0163
10349,Słuchawki Pro,Elektronika,1644.42,2024-05-06,cust_0163
10349,Klawiatura MX,Akcesoria,505.63,2024-05-06,cust_0163
10350,Bluza Hoodie,Moda,181.89,2024-05-17,cust_0208
10350,Notes A5,Papiernicze,40.57,2024-05-17,cust_0208
10350,Klawiatura MX,Akcesoria,140.44,2024-05-17,cust_0208
10350,Laptop Air 13,Elektronika,3802.79,2024-05-17,cust_0208
10351,Długopis Gel,Papiernicze,23.86,2024-07-20,cust_0174
10351,Laptop Air 13,Elektronika,888.45,2024-07-20,cust_0174
10351,Plecak City,Moda,224.76,2024-07-20,cust_0174
10352,Biurko Slim,Meble,998.43,2024-02-21,cust_0130
10353,Plecak City,Moda,184.19,2024-02-09,cust_0035
10354,Słuchawki Pro,Elektronika,4205.16,2024-05-19,cust_0157
10354,Bluza Hoodie,Moda,230.54,2024-05-19,cust_0157
10354,Długopis Gel,Papiernicze,18.54,2024-05-19,cust_0157
10354,Słuchawki Pro,Elektronika,2069.54,2024-05-19,cust_0157
10354,Laptop Air 13,Elektronika,4477.4,2024-05-19,cust_0157
10355,Fotel Ergonomic,Meble,590.21,2024-12-19,cust_0149
10355,Plecak City,Moda,177.84,2024-12-19,cust_0149
10355,Mysz Light,Akcesoria,186.19,2024-12-19,cust_0149
10356,Smartfon X,Elektronika,3787.7,2024-10-28,cust_0235
10356,Biurko Slim,Meble,632.25,2024-10-28,cust_0235
10356,Bluza Hoodie,Moda,127.11,2024-10-28,cust_0235
10357,Klawiatura MX,Akcesoria,246.74,2024-06-05,cust_0067
10358,Biurko Slim,Meble,468.87,2024-02-09,cust_0140
10358,Biurko Slim,Meble,616.54,2024-02-09,cust_0140
10358,Kubek termiczny,Dom,51.86,2024-02-09,cust_0140
10358,Laptop Air 13,Elektronika,3469.87,2024-02-09,cust_0140
10359,Laptop Air 13,Elektronika,2185.47,2024-10-09,cust_0214
10360,Kubek termiczny,Dom,189.56,2024-11-03,cust_0041
10360,Długopis Gel,Papiernicze,36.41,2024-11-03,cust_0041
10360,Notes A5,Papiernicze,7.52,2024-11-03,cust_0041
10360,Słuchawki Pro,Elektronika,3155.62,2024-11-03,cust_0041
10360,Laptop Air 13,Elektronika,3423.34,2024-11-03,cust_0041
10361,Klawiatura MX,Akcesoria,232.72,2024-06-16,cust_0010
10362,Mysz Light,Akcesoria,261.16,2024-01-18,cust_0177
10362,Butelka filtrująca,Dom,111.47,2024-01-18,cust_0177
10362,Fotel Ergonomic,Meble,1183.0,2024-01-18,cust_0177
10362,Laptop Air 13,Elektronika,2879.04,2024-01-18,cust_0177
10362,Klawiatura MX,Akcesoria,68.53,2024-01-18,cust_0177
10363,Klawiatura MX,Akcesoria,232.82,2024-08-08,cust_0088
10363,Butelka filtrująca,Dom,208.02,2024-08-08,cust_0088
10363,Butelka filtrująca,Dom,28.79,2024-08-08,cust_0088
10364,Mysz Light,Akcesoria,138.7,2024-02-17,cust_0220
10364,Notes A5,Papiernicze,18.1,2024-02-17,cust_0220
10364,Klawiatura MX,Akcesoria,355.51,2024-02-17,cust_0220
10364,Smartfon X,Elektronika,1617.52,2024-02-17,cust_0220
10364,Notes A5,Papiernicze,27.67,2024-02-17,cust_0220
10365,Słuchawki Pro,Elektronika,2424.84,2024-09-09,cust_0182
10366,Fotel Ergonomic,Meble,291.59,2024-08-20,cust_0119
10366,Słuchawki Pro,Elektronika,4574.85,2024-08-20,cust_0119
10366,Butelka filtrująca,Dom,48.1,2024-08-20,cust_0119
10367,Klawiatura MX,Akcesoria,435.38,2024-11-17,cust_0097
10367,Notes A5,Papiernicze,20.66,2024-11-17,cust_0097
10367,Mysz Light,Akcesoria,225.79,2024-11-17,cust_0097
10368,Plecak City,Moda,136.38,2024-04-25,cust_0201
10369,Smartfon X,Elektronika,2438.77,2024-03-22,cust_0245
10369,Mysz Light,Akcesoria,381.43,2024-03-22,cust_0245
10370,Długopis Gel,Papiernicze,22.5,2024-10-21,cust_0228
10370,Długopis Gel,Papiernicze,16.71,2024-10-21,cust_0228
10371,Słuchawki Pro,Elektronika,1232.34,2024-03-27,cust_0225
10371,Klawiatura MX,Akcesoria,53.78,2024-03-27,cust_0225
10371,Koszulka Basic,Moda,78.31,2024-03-27,cust_0225
10371,Mysz Light,Akcesoria,282.16,2024-03-27,cust_0225
10372,Mysz Light,Akcesoria,343.33,2024-07-12,cust_0185
10372,Słuchawki Pro,Elektronika,3353.49,2024-07-12,cust_0185
10372,Bluza Hoodie,Moda,96.76,2024-07-12,cust_0185
10372,Laptop Air 13,Elektronika,3685.01,2024-07-12,cust_0185
10373,Bluza Hoodie,Moda,212.35,2024-03-07,cust_0103
10373,Notes A5,Papiernicze,13.7,2024-03-07,cust_0103
10374,Biurko Slim,Meble,733.1,2024-05-24,cust_0131
10374,Laptop Air 13,Elektronika,2605.1,2024-05-24,cust_0131
10375,Fotel Ergonomic,Meble,1271.13,2024-12-01,cust_0037
10375,Fotel Ergonomic,Meble,324.76,2024-12-01,cust_0037
10375,Plecak City,Moda,187.48,2024-12-01,cust_0037
10375,Długopis Gel,Papiernicze,29.89,2024-12-01,cust_0037
10375,Butelka filtrująca,Dom,106.33,2024-12-01,cust_0037
10376,Butelka filtrująca,Dom,66.73,2024-04-25,cust_0159
10376,Biurko Slim,Meble,329.34,2024-04-25,cust_0159
10377,Kubek termiczny,Dom,136.08,2024-03-19,cust_0109
10377,Klawiatura MX,Akcesoria,50.83,2024-03-19,cust_0109
10377,Smartfon X,Elektronika,1977.1,2024-03-19,cust_0109
10377,Bluza Hoodie,Moda,166.0,2024-03-19,cust_0109
10378,Bluza Hoodie,Moda,209.29,2024-07-11,cust_0233
10378,Długopis Gel,Papiernicze,26.24,2024-07-11,cust_0233
10378,Koszulka Basic,Moda,53.58,2024-07-11,cust_0233
10378,Długopis Gel,Papiernicze,15.78,2024-07-11,cust_0233
10379,Kubek termiczny,Dom,184.28,2024-12-31,cust_0081
10380,Biurko Slim,Meble,732.92,2024-11-18,cust_0067
10380,Laptop Air 13,Elektronika,2218.78,2024-11-18,cust_0067
10380,Klawiatura MX,Akcesoria,303.41,2024-11-18,cust_0067
10380,Butelka filtrująca,Dom,57.17,2024-11-18,cust_0067
10381,Klawiatura MX,Akcesoria,232.72,2024-10-29,cust_0195
10381,Laptop Air 13,Elektronika,875.26,2024-10-29,cust_0195
10381,Długopis Gel,Papiernicze,45.62,2024-10-29,cust_0195
10381,Długopis Gel,Papiernicze,37.83,2024-10-29,cust_0195
10382,Długopis Gel,Papiernicze,13.39,2024-06-15,cust_0148
10382,Laptop Air 13,Elektronika,899.65,2024-06-15,cust_0148
10382,Smartfon X,Elektronika,3835.49,2024-06-15,cust_0148
10382,Smartfon X,Elektronika,4484.73,2024-06-15,cust_0148
10382,Klawiatura MX,Akcesoria,440.72,2024-06-15,cust_0148
10383,Butelka filtrująca,Dom,113.81,2024-02-13,cust_0245
10383,Biurko Slim,Meble,739.68,2024-02-13,cust_0245
10383,Smartfon X,Elektronika,3130.76,2024-02-13,cust_0245
10383,Fotel Ergonomic,Meble,580.71,2024-02-13,cust_0245
10384,Laptop Air 13,Elektronika,1707.61,2024-05-31,cust_0159
10384,Długopis Gel,Papiernicze,25.49,2024-05-31,cust_0159
10385,Biurko Slim,Meble,1042.94,2024-02-09,cust_0027
10386,Kubek termiczny,Dom,96.47,2024-09-07,cust_0236
10387,Klawiatura MX,Akcesoria,432.93,2024-09-07,cust_0006
10387,Słuchawki Pro,Elektronika,3234.88,2024-09-07,cust_0006
10387,Smartfon X,Elektronika,4735.12,2024-09-07,cust_0006
10387,Klawiatura MX,Akcesoria,201.33,2024-09-07,cust_0006
10388,Klawiatura MX,Akcesoria,314.01,2024-05-04,cust_0009
10388,Smartfon X,Elektronika,3766.23,2024-05-04,cust_0009
10388,Laptop Air 13,Elektronika,4088.96,2024-05-04,cust_0009
10388,Długopis Gel,Papiernicze,17.5,2024-05-04,cust_0009
10388,Długopis Gel,Papiernicze,17.31,2024-05-04,cust_0009
10389,Laptop Air 13,Elektronika,4201.05,2024-05-11,cust_0224
10389,Biurko Slim,Meble,424.97,2024-05-11,cust_0224
10390,Biurko Slim,Meble,1124.54,2024-09-23,cust_0077
10390,Klawiatura MX,Akcesoria,267.56,2024-09-23,cust_0077
10391,Plecak City,Moda,236.63,2024-04-17,cust_0133
10391,Mysz Light,Akcesoria,387.57,2024-04-17,cust_0133
10391,Biurko Slim,Meble,1045.58,2024-04-17,cust_0133
10391,Bluza Hoodie,Moda,227.54,2024-04-17,cust_0133
10392,Bluza Hoodie,Moda,162.09,2024-06-28,cust_0041
10393,Butelka filtrująca,Dom,147.72,2024-02-01,cust_0102
10394,Plecak City,Moda,166.4,2024-02-28,cust_0029
10394,Mysz Light,Akcesoria,170.79,2024-02-28,cust_0029
10395,Klawiatura MX,Akcesoria,460.02,2024-02-16,cust_0167
10395,Słuchawki Pro,Elektronika,1110.88,2024-02-16,cust_0167
10395,Klawiatura MX,Akcesoria,87.78,2024-02-16,cust_0167
10395,Butelka filtrująca,Dom,145.3,2024-02-16,cust_0167
10395,Notes A5,Papiernicze,43.49,2024-02-16,cust_0167
10396,Butelka filtrująca,Dom,175.52,2024-01-31,cust_0117
10397,Kubek termiczny,Dom,117.29,2024-04-28,cust_0168
10398,Fotel Ergonomic,Meble,1027.79,2024-02-11,cust_0224
10398,Notes A5,Papiernicze,15.01,2024-02-11,cust_0224
10398,Plecak City,Moda,209.77,2024-02-11,cust_0224
10399,Biurko Slim,Meble,400.19,2024-03-25,cust_0149
10399,Słuchawki Pro,Elektronika,2383.19,2024-03-25,cust_0149
10400,Długopis Gel,Papiernicze,13.65,2024-05-13,cust_0171
10400,Kubek termiczny,Dom,77.84,2024-05-13,cust_0171
10400,Klawiatura MX,Akcesoria,96.67,2024-05-13,cust_0171
10400,Plecak City,Moda,196.56,2024-05-13,cust_0171
